"Location","String Value","String Representation","Data Type"
"00a7a9c8","C:/Monolithsoft/BF2/prog/application/BF2//../../libs/mcl/mm_lib/source\mm_mtl/fixstr.h","\"C:/Monolithsoft/BF2/prog/application/BF2//../../libs/mcl/mm_lib/source\\mm_mtl/fixstr.h\"","ds"
"00a7aa3b","C:/Monolithsoft/BF2/prog/application/BF2//../../libs/mcl/mm_lib/source\mm_mtl/reference_object.h","\"C:/Monolithsoft/BF2/prog/application/BF2//../../libs/mcl/mm_lib/source\\mm_mtl/reference_object.h\"","ds"
"00a7aaa5","C:/Monolithsoft/BF2/prog/application/BF2//../../libs/mcl/mm_lib/source\mm_mtl/singleton.h","\"C:/Monolithsoft/BF2/prog/application/BF2//../../libs/mcl/mm_lib/source\\mm_mtl/singleton.h\"","ds"
"00a7aaff","C:/Monolithsoft/BF2/prog/application/BF2/battle/ai/ai_manager.cpp","\"C:/Monolithsoft/BF2/prog/application/BF2/battle/ai/ai_manager.cpp\"","ds"
"00a7ab4d","C:/Monolithsoft/BF2/prog/application/BF2//../../libs/mcl/mm_lib/source\mm_mtl/fixed_list.h","\"C:/Monolithsoft/BF2/prog/application/BF2//../../libs/mcl/mm_lib/source\\mm_mtl/fixed_list.h\"","ds"
"00a7ac13","C:/Monolithsoft/BF2/prog/application/BF2/battle/battle_global.cpp","\"C:/Monolithsoft/BF2/prog/application/BF2/battle/battle_global.cpp\"","ds"
"00a7aedd","C:/Monolithsoft/BF2/prog/application/BF2//../../libs/mcl/mm_lib/source\mm_mtl/fixed_vector.h","\"C:/Monolithsoft/BF2/prog/application/BF2//../../libs/mcl/mm_lib/source\\mm_mtl/fixed_vector.h\"","ds"
"00a7af44","C:/Monolithsoft/BF2/prog/application/BF2//../../libs/mcl/mm_lib/source\mm_mtl/intrusive_ptr.h","\"C:/Monolithsoft/BF2/prog/application/BF2//../../libs/mcl/mm_lib/source\\mm_mtl/intrusive_ptr.h\"","ds"
"00a7b00f","C:/Monolithsoft/BF2/prog/application/BF2//../../libs/mcl/mm_lib/source\mm_mtl/algorithm.h","\"C:/Monolithsoft/BF2/prog/application/BF2//../../libs/mcl/mm_lib/source\\mm_mtl/algorithm.h\"","ds"
"00a7b069","C:/Monolithsoft/BF2/prog/application/BF2/battle/battle_manager.cpp","\"C:/Monolithsoft/BF2/prog/application/BF2/battle/battle_manager.cpp\"","ds"
"00a7b154","C:/Monolithsoft/BF2/prog/application/BF2/battle/blade_arts_manager.cpp","\"C:/Monolithsoft/BF2/prog/application/BF2/battle/blade_arts_manager.cpp\"","ds"
"00a7b19b","C:/Monolithsoft/BF2/prog/application/BF2/battle/blade_change_manager.cpp","\"C:/Monolithsoft/BF2/prog/application/BF2/battle/blade_change_manager.cpp\"","ds"
"00a7b205","C:/Monolithsoft/BF2/prog/application/BF2//../../libs/mcl/mm_lib/source\mm_math/mm_math.h","\"C:/Monolithsoft/BF2/prog/application/BF2//../../libs/mcl/mm_lib/source\\mm_math/mm_math.h\"","ds"
"00a7b25e","C:/Monolithsoft/BF2/prog/application/BF2/battle/btl_system_balance_access.cpp","\"C:/Monolithsoft/BF2/prog/application/BF2/battle/btl_system_balance_access.cpp\"","ds"
"00a7b2ba","C:/Monolithsoft/BF2/prog/application/BF2/battle/chain_attack_manager.cpp","\"C:/Monolithsoft/BF2/prog/application/BF2/battle/chain_attack_manager.cpp\"","ds"
"00a7b3dd","C:/Monolithsoft/BF2/prog/application/BF2//../../libs/mcl/mm_lib/source\mm_mtl/vector.h","\"C:/Monolithsoft/BF2/prog/application/BF2//../../libs/mcl/mm_lib/source\\mm_mtl/vector.h\"","ds"
"00a7b44c","C:/Monolithsoft/BF2/prog/application/BF2//../../libs/mcl/mm_lib/source\mm_mtl/fixed_queue.h","\"C:/Monolithsoft/BF2/prog/application/BF2//../../libs/mcl/mm_lib/source\\mm_mtl/fixed_queue.h\"","ds"
"00a7b4f5","C:/Monolithsoft/BF2/prog/application/BF2/battle/challenge_battle_manager.cpp","\"C:/Monolithsoft/BF2/prog/application/BF2/battle/challenge_battle_manager.cpp\"","ds"
"00a7bda1","C:/Monolithsoft/BF2/prog/application/BF2//../../libs/anmlib/src\anmlib/base/anm_array-inl.h","\"C:/Monolithsoft/BF2/prog/application/BF2//../../libs/anmlib/src\\anmlib/base/anm_array-inl.h\"","ds"
"00a7be19","C:/Monolithsoft/BF2/prog/application/BF2//../../libs/mcl/mm_lib/source\mm_mtl/bitflag.h","\"C:/Monolithsoft/BF2/prog/application/BF2//../../libs/mcl/mm_lib/source\\mm_mtl/bitflag.h\"","ds"
"00a7beb1","C:/Monolithsoft/BF2/prog/application/BF2//../../libs/mcl/mm_lib/source\mm_math/mm_mat44.h","\"C:/Monolithsoft/BF2/prog/application/BF2//../../libs/mcl/mm_lib/source\\mm_math/mm_mat44.h\"","ds"
"00a7bf24","C:/Monolithsoft/BF2/prog/application/BF2//../../libs/mcl/mm_lib/source\mm_math/mm_quat_impl_nx.h","\"C:/Monolithsoft/BF2/prog/application/BF2//../../libs/mcl/mm_lib/source\\mm_math/mm_quat_impl_nx.h\"","ds"
"00a7bfec","C:/Monolithsoft/BF2/prog/application/BF2\framework/message/message_object.h","\"C:/Monolithsoft/BF2/prog/application/BF2\\framework/message/message_object.h\"","ds"
"00a7c038","C:/Monolithsoft/BF2/prog/application/BF2/battle/character/character_manager_battle.cpp","\"C:/Monolithsoft/BF2/prog/application/BF2/battle/character/character_manager_battle.cpp\"","ds"
"00a7c16b","C:/Monolithsoft/BF2/prog/application/BF2/battle/character/character_parameter_battle.cpp","\"C:/Monolithsoft/BF2/prog/application/BF2/battle/character/character_parameter_battle.cpp\"","ds"
"00a7c32e","C:/Monolithsoft/BF2/prog/application/BF2//../../libs/mcl/mm_lib/source\mm_math/mm_mat33.h","\"C:/Monolithsoft/BF2/prog/application/BF2//../../libs/mcl/mm_lib/source\\mm_math/mm_mat33.h\"","ds"
"00a7c388","C:/Monolithsoft/BF2/prog/application/BF2/battle/data_manager_battle.cpp","\"C:/Monolithsoft/BF2/prog/application/BF2/battle/data_manager_battle.cpp\"","ds"
"00a7c741","C:/Monolithsoft/BF2/prog/application/BF2/battle/effect/effect_manager_battle.cpp","\"C:/Monolithsoft/BF2/prog/application/BF2/battle/effect/effect_manager_battle.cpp\"","ds"
"00a7c87f","C:/Monolithsoft/BF2/prog/application/BF2/battle/formation_change_manager.cpp","\"C:/Monolithsoft/BF2/prog/application/BF2/battle/formation_change_manager.cpp\"","ds"
"00a7c906","C:/Monolithsoft/BF2/prog/application/BF2/battle/hate_ring_manager.cpp","\"C:/Monolithsoft/BF2/prog/application/BF2/battle/hate_ring_manager.cpp\"","ds"
"00a7c960","C:/Monolithsoft/BF2/prog/application/BF2/battle/siren_battle_manager.cpp","\"C:/Monolithsoft/BF2/prog/application/BF2/battle/siren_battle_manager.cpp\"","ds"
"00a7ca4b","C:/Monolithsoft/BF2/prog/application/BF2/battle/sp_attack_manager.cpp","\"C:/Monolithsoft/BF2/prog/application/BF2/battle/sp_attack_manager.cpp\"","ds"
"00a7caeb","C:/Monolithsoft/BF2/prog/application/BF2/battle/talk_manager_battle.cpp","\"C:/Monolithsoft/BF2/prog/application/BF2/battle/talk_manager_battle.cpp\"","ds"
"00a7cc38","C:/Monolithsoft/BF2/prog/application/BF2/battle/ui_manager_battle.cpp","\"C:/Monolithsoft/BF2/prog/application/BF2/battle/ui_manager_battle.cpp\"","ds"
"00a7ced6","C:/MonolithSoft/BF2/agelog","\"C:/MonolithSoft/BF2/agelog\"","ds"
"00a7e2a0","/MonolithSoft/BF2/movie","\"/MonolithSoft/BF2/movie\"","ds"
"00a7e2b8","/MonolithSoft/BF2/jpeg","\"/MonolithSoft/BF2/jpeg\"","ds"
"00a7e2cf","C:/Monolithsoft/BF2/execute/bf2tools/event/bmp2avi/bmp2avi","\"C:/Monolithsoft/BF2/execute/bf2tools/event/bmp2avi/bmp2avi\"","ds"
"00a7e463","C:/MonolithSoft/BF2/evtxt","\"C:/MonolithSoft/BF2/evtxt\"","ds"
"00a7eec5","C:/Monolithsoft/BF2/prog/application/BF2\framework/framework.h","\"C:/Monolithsoft/BF2/prog/application/BF2\\framework/framework.h\"","ds"
"00a7ef10","C:/Monolithsoft/BF2/prog/application/BF2/execute/title/title_main.cpp","\"C:/Monolithsoft/BF2/prog/application/BF2/execute/title/title_main.cpp\"","ds"
"00a7efab","C:/Monolithsoft/BF2/prog/application/BF2//../../libs/ailib/src\ailib/state/ai_state_fsm.h","\"C:/Monolithsoft/BF2/prog/application/BF2//../../libs/ailib/src\\ailib/state/ai_state_fsm.h\"","ds"
"00a7f0c2","C:/Monolithsoft/BF2/prog/application/BF2//../../libs/ailib/src\ailib/state/ai_state.h","\"C:/Monolithsoft/BF2/prog/application/BF2//../../libs/ailib/src\\ailib/state/ai_state.h\"","ds"
"00a7f198","C:/Monolithsoft/BF2/prog/application/BF2/execute/title/title_theater.cpp","\"C:/Monolithsoft/BF2/prog/application/BF2/execute/title/title_theater.cpp\"","ds"
"00a7f1fa","C:/Monolithsoft/BF2/prog/application/BF2//../../libs/anmlib/src\anmlib/base/anm_reference_object.h","\"C:/Monolithsoft/BF2/prog/application/BF2//../../libs/anmlib/src\\anmlib/base/anm_reference_object.h\"","ds"
"00a7f25d","C:/Monolithsoft/BF2/prog/application/BF2/framework/anim/anim_manager.cpp","\"C:/Monolithsoft/BF2/prog/application/BF2/framework/anim/anim_manager.cpp\"","ds"
"00a7f2a6","C:/Monolithsoft/BF2/prog/application/BF2//../../libs/mcl/mm_lib/source\mm_mtl/queue.h","\"C:/Monolithsoft/BF2/prog/application/BF2//../../libs/mcl/mm_lib/source\\mm_mtl/queue.h\"","ds"
"00a7f316","C:/Monolithsoft/BF2/prog/application/BF2//../../libs/anmlib/src\anmlib/base/anm_job_queue.h","\"C:/Monolithsoft/BF2/prog/application/BF2//../../libs/anmlib/src\\anmlib/base/anm_job_queue.h\"","ds"
"00a7f38d","C:/Monolithsoft/BF2/prog/application/BF2//../../libs/mcl/mm_lib/source\mm_mtl/intrusive_list.h","\"C:/Monolithsoft/BF2/prog/application/BF2//../../libs/mcl/mm_lib/source\\mm_mtl/intrusive_list.h\"","ds"
"00a7f407","C:/Monolithsoft/BF2/prog/application/BF2//../../libs/anmlib/src\anmlib/base/anm_array.h","\"C:/Monolithsoft/BF2/prog/application/BF2//../../libs/anmlib/src\\anmlib/base/anm_array.h\"","ds"
"00a7f4fc","C:/Monolithsoft/BF2/prog/application/BF2//../../libs/mcl/mm_lib/source\mm_mtl/internal/red_black_tree.h","\"C:/Monolithsoft/BF2/prog/application/BF2//../../libs/mcl/mm_lib/source\\mm_mtl/internal/red_black_tree.h\"","ds"
"00a7f5b3","C:/Monolithsoft/BF2/prog/application/BF2//../../libs/mcl/mm_lib/source\mm_math/mm_quat.h","\"C:/Monolithsoft/BF2/prog/application/BF2//../../libs/mcl/mm_lib/source\\mm_math/mm_quat.h\"","ds"
"00a7f62f","C:/Monolithsoft/BF2/prog/application/BF2/framework/coli/coli_manager.cpp","\"C:/Monolithsoft/BF2/prog/application/BF2/framework/coli/coli_manager.cpp\"","ds"
"00a7f682","C:/Monolithsoft/BF2/prog/application/BF2//../../libs/mcl/mm_lib/source\mm_mtl/list.h","\"C:/Monolithsoft/BF2/prog/application/BF2//../../libs/mcl/mm_lib/source\\mm_mtl/list.h\"","ds"
"00a7f6d7","C:/Monolithsoft/BF2/prog/application/BF2//../../libs/mcl/mm_lib/source\mm_mtl/unique_ptr.h","\"C:/Monolithsoft/BF2/prog/application/BF2//../../libs/mcl/mm_lib/source\\mm_mtl/unique_ptr.h\"","ds"
"00a7f741","C:/Monolithsoft/BF2/prog/application/BF2/framework/coli/coli_move_object.cpp","\"C:/Monolithsoft/BF2/prog/application/BF2/framework/coli/coli_move_object.cpp\"","ds"
"00a7f7a9","C:/Monolithsoft/BF2/prog/application/BF2/framework/coli/coli_object.cpp","\"C:/Monolithsoft/BF2/prog/application/BF2/framework/coli/coli_object.cpp\"","ds"
"00a7f89a","C:/Monolithsoft/BF2/prog/application/BF2/framework/dynamics/wind_force_calculator.cpp","\"C:/Monolithsoft/BF2/prog/application/BF2/framework/dynamics/wind_force_calculator.cpp\"","ds"
"00a7f8f0","C:/Monolithsoft/BF2/prog/application/BF2/framework/dynamics/dynamics_manager.cpp","\"C:/Monolithsoft/BF2/prog/application/BF2/framework/dynamics/dynamics_manager.cpp\"","ds"
"00a7f961","C:/Monolithsoft/BF2/prog/application/BF2\framework/effect/effect_point.h","\"C:/Monolithsoft/BF2/prog/application/BF2\\framework/effect/effect_point.h\"","ds"
"00a7f9aa","C:/Monolithsoft/BF2/prog/application/BF2/framework/effect/effect_clip.cpp","\"C:/Monolithsoft/BF2/prog/application/BF2/framework/effect/effect_clip.cpp\"","ds"
"00a7fa4e","C:/Monolithsoft/BF2/prog/application/BF2/framework/effect/effect_data.cpp","\"C:/Monolithsoft/BF2/prog/application/BF2/framework/effect/effect_data.cpp\"","ds"
"00a7fa98","C:/Monolithsoft/BF2/prog/application/BF2/framework/effect/effect_lod_manager.cpp","\"C:/Monolithsoft/BF2/prog/application/BF2/framework/effect/effect_lod_manager.cpp\"","ds"
"00a7faf5","C:/Monolithsoft/BF2/prog/application/BF2\framework/effect/effect_caster_impl.h","\"C:/Monolithsoft/BF2/prog/application/BF2\\framework/effect/effect_caster_impl.h\"","ds"
"00a7fb7e","C:/Monolithsoft/BF2/prog/application/BF2/framework/effect/effect_manager.cpp","\"C:/Monolithsoft/BF2/prog/application/BF2/framework/effect/effect_manager.cpp\"","ds"
"00a7fdcd","C:/Monolithsoft/BF2/prog/application/BF2/framework/framework.cpp","\"C:/Monolithsoft/BF2/prog/application/BF2/framework/framework.cpp\"","ds"
"00a7fe68","C:/Monolithsoft/BF2/prog/application/BF2/framework/ik/ik_blow_rotate_solver.cpp","\"C:/Monolithsoft/BF2/prog/application/BF2/framework/ik/ik_blow_rotate_solver.cpp\"","ds"
"00a7fece","C:/Monolithsoft/BF2/prog/application/BF2/framework/ik/ik_foot_placement_solver.cpp","\"C:/Monolithsoft/BF2/prog/application/BF2/framework/ik/ik_foot_placement_solver.cpp\"","ds"
"00a7ff64","C:/Monolithsoft/BF2/prog/application/BF2/framework/ik/ik_lookat_solver.cpp","\"C:/Monolithsoft/BF2/prog/application/BF2/framework/ik/ik_lookat_solver.cpp\"","ds"
"00a7fff7","C:/Monolithsoft/BF2/prog/application/BF2/framework/ik/ik_look_solver.cpp","\"C:/Monolithsoft/BF2/prog/application/BF2/framework/ik/ik_look_solver.cpp\"","ds"
"00a80056","C:/Monolithsoft/BF2/prog/application/BF2/framework/ik/ik_placement_ground_solver.cpp","\"C:/Monolithsoft/BF2/prog/application/BF2/framework/ik/ik_placement_ground_solver.cpp\"","ds"
"00a800e5","C:/Monolithsoft/BF2/prog/application/BF2/framework/ik/ik_rotate_solver.cpp","\"C:/Monolithsoft/BF2/prog/application/BF2/framework/ik/ik_rotate_solver.cpp\"","ds"
"00a80142","C:/Monolithsoft/BF2/prog/application/BF2/framework/ik/ik_slope_ground_solver.cpp","\"C:/Monolithsoft/BF2/prog/application/BF2/framework/ik/ik_slope_ground_solver.cpp\"","ds"
"00a801c6","C:/Monolithsoft/BF2/prog/application/BF2/framework/ik/ik_spherical_coordinates_solver.cpp","\"C:/Monolithsoft/BF2/prog/application/BF2/framework/ik/ik_spherical_coordinates_solver.cpp\"","ds"
"00a80234","C:/Monolithsoft/BF2/prog/application/BF2/framework/ik/ik_spine_rotate_solver.cpp","\"C:/Monolithsoft/BF2/prog/application/BF2/framework/ik/ik_spine_rotate_solver.cpp\"","ds"
"00a802c1","C:/Monolithsoft/BF2/prog/application/BF2/framework/ik/ik_spine_solver.cpp","\"C:/Monolithsoft/BF2/prog/application/BF2/framework/ik/ik_spine_solver.cpp\"","ds"
"00a8036a","C:/Monolithsoft/BF2/prog/application/BF2/framework/ik/ik_trans_solver.cpp","\"C:/Monolithsoft/BF2/prog/application/BF2/framework/ik/ik_trans_solver.cpp\"","ds"
"00a803c5","C:/Monolithsoft/BF2/prog/application/BF2/framework/ik/ik_twojoint_solver.cpp","\"C:/Monolithsoft/BF2/prog/application/BF2/framework/ik/ik_twojoint_solver.cpp\"","ds"
"00a80427","C:/Monolithsoft/BF2/prog/application/BF2/framework/ik/ik_two_chara_ground_solver.cpp","\"C:/Monolithsoft/BF2/prog/application/BF2/framework/ik/ik_two_chara_ground_solver.cpp\"","ds"
"00a804a0","C:/Monolithsoft/BF2/prog/application/BF2/framework/layer/layerset_manager.cpp","\"C:/Monolithsoft/BF2/prog/application/BF2/framework/layer/layerset_manager.cpp\"","ds"
"00a8054b","C:/Monolithsoft/BF2/prog/application/BF2//../../libs/mcl/mm_lib/source\mm_mtl/array.h","\"C:/Monolithsoft/BF2/prog/application/BF2//../../libs/mcl/mm_lib/source\\mm_mtl/array.h\"","ds"
"00a805c9","C:/Monolithsoft/BF2/prog/application/BF2/framework/message/message_manager.cpp","\"C:/Monolithsoft/BF2/prog/application/BF2/framework/message/message_manager.cpp\"","ds"
"00a80635","C:/Monolithsoft/BF2/prog/application/BF2/framework/movie/movie_manager.cpp","\"C:/Monolithsoft/BF2/prog/application/BF2/framework/movie/movie_manager.cpp\"","ds"
"00a8068d","C:/Monolithsoft/BF2/prog/application/BF2/framework/navi/navi_manager.cpp","\"C:/Monolithsoft/BF2/prog/application/BF2/framework/navi/navi_manager.cpp\"","ds"
"00a806e6","C:/Monolithsoft/BF2/prog/application/BF2/framework/object/updatable_manager.cpp","\"C:/Monolithsoft/BF2/prog/application/BF2/framework/object/updatable_manager.cpp\"","ds"
"00a809e9","C:/Monolithsoft/BF2/prog/application/BF2/framework/param/param_builder.cpp","\"C:/Monolithsoft/BF2/prog/application/BF2/framework/param/param_builder.cpp\"","ds"
"00a80a97","C:/Monolithsoft/BF2/prog/application/BF2/framework/sensor/sensor_manager.cpp","\"C:/Monolithsoft/BF2/prog/application/BF2/framework/sensor/sensor_manager.cpp\"","ds"
"00a80c31","C:/Monolithsoft/BF2/prog/application/BF2\framework/sound/sound_manager.h","\"C:/Monolithsoft/BF2/prog/application/BF2\\framework/sound/sound_manager.h\"","ds"
"00a80c7a","C:/Monolithsoft/BF2/prog/application/BF2/framework/sound/sound_pack.cpp","\"C:/Monolithsoft/BF2/prog/application/BF2/framework/sound/sound_pack.cpp\"","ds"
"00a80cc8","C:/Monolithsoft/BF2/prog/application/BF2/framework/sound/sound_ssd_drv.cpp","\"C:/Monolithsoft/BF2/prog/application/BF2/framework/sound/sound_ssd_drv.cpp\"","ds"
"00a80d40","C:/Monolithsoft/BF2/prog/application/BF2//../../libs/mcl/mm_lib/source\mm_mtl/internal/object_allocator.h","\"C:/Monolithsoft/BF2/prog/application/BF2//../../libs/mcl/mm_lib/source\\mm_mtl/internal/object_allocator.h\"","ds"
"00a80e0d","C:/Monolithsoft/BF2/prog/application/BF2//../../libs/mcl/mm_lib/source\mm_mtl/str_util.h","\"C:/Monolithsoft/BF2/prog/application/BF2//../../libs/mcl/mm_lib/source\\mm_mtl/str_util.h\"","ds"
"00a80e92","C:/Monolithsoft/BF2/prog/application/BF2/framework/wind/wind_factory.cpp","\"C:/Monolithsoft/BF2/prog/application/BF2/framework/wind/wind_factory.cpp\"","ds"
"00a80edb","C:/Monolithsoft/BF2/prog/application/BF2/framework/wind/wind_manager.cpp","\"C:/Monolithsoft/BF2/prog/application/BF2/framework/wind/wind_manager.cpp\"","ds"
"00a80f4b","C:/Monolithsoft/BF2/prog/application/BF2//../../libs/wndlib/src\wndlib/base/wnd_array-inl.h","\"C:/Monolithsoft/BF2/prog/application/BF2//../../libs/wndlib/src\\wndlib/base/wnd_array-inl.h\"","ds"
"00a80fa7","C:/Monolithsoft/BF2/prog/application/BF2/framework/wind/wind_probe.cpp","\"C:/Monolithsoft/BF2/prog/application/BF2/framework/wind/wind_probe.cpp\"","ds"
"00a81009","C:/Monolithsoft/BF2/prog/application/BF2//../../libs/wndlib/src\wndlib/object/wnd_object.h","\"C:/Monolithsoft/BF2/prog/application/BF2//../../libs/wndlib/src\\wndlib/object/wnd_object.h\"","ds"
"00a8106e","C:/Monolithsoft/BF2/prog/application/BF2/gf/asset/gf_asset_manager.cpp","\"C:/Monolithsoft/BF2/prog/application/BF2/gf/asset/gf_asset_manager.cpp\"","ds"
"00a810d4","C:/Monolithsoft/BF2/prog/application/BF2/gf/asset/gf_asset_pack.cpp","\"C:/Monolithsoft/BF2/prog/application/BF2/gf/asset/gf_asset_pack.cpp\"","ds"
"00a81118","C:/Monolithsoft/BF2/prog/application/BF2/gf/asset/gf_asset_resource.cpp","\"C:/Monolithsoft/BF2/prog/application/BF2/gf/asset/gf_asset_resource.cpp\"","ds"
"00a8116d","C:/Monolithsoft/BF2/prog/application/BF2/gf/asset/gf_asset_setup.cpp","\"C:/Monolithsoft/BF2/prog/application/BF2/gf/asset/gf_asset_setup.cpp\"","ds"
"00a816b5","C:/Monolithsoft/BF2/prog/application/BF2/gf/asset/gf_filesize_pool.cpp","\"C:/Monolithsoft/BF2/prog/application/BF2/gf/asset/gf_filesize_pool.cpp\"","ds"
"00a8170d","C:/Monolithsoft/BF2/prog/application/BF2/gf/asset/gf_slot.cpp","\"C:/Monolithsoft/BF2/prog/application/BF2/gf/asset/gf_slot.cpp\"","ds"
"00a817d3","C:/Monolithsoft/BF2/prog/application/BF2/gf/asset/gf_slot_mapping.cpp","\"C:/Monolithsoft/BF2/prog/application/BF2/gf/asset/gf_slot_mapping.cpp\"","ds"
"00a8183a","C:/Monolithsoft/BF2/prog/application/BF2/gf/camera/chain_attack/gf_camera_chain_attack.cpp","\"C:/Monolithsoft/BF2/prog/application/BF2/gf/camera/chain_attack/gf_camera_chain_attack.cpp\"","ds"
"00a81925","C:/Monolithsoft/BF2/prog/application/BF2/gf/camera/fusion_combo/gf_camera_fusion_combo.cpp","\"C:/Monolithsoft/BF2/prog/application/BF2/gf/camera/fusion_combo/gf_camera_fusion_combo.cpp\"","ds"
"00a81aa2","C:/Monolithsoft/BF2/prog/application/BF2/gf/camera/gf_camera_player.cpp","\"C:/Monolithsoft/BF2/prog/application/BF2/gf/camera/gf_camera_player.cpp\"","ds"
"00a81e4c","C:/Monolithsoft/BF2/prog/application/BF2/gf/camera/gf_camera_player_target.cpp","\"C:/Monolithsoft/BF2/prog/application/BF2/gf/camera/gf_camera_player_target.cpp\"","ds"
"00a81ea9","C:/Monolithsoft/BF2/prog/application/BF2/gf/camera/gf_camera_subview.cpp","\"C:/Monolithsoft/BF2/prog/application/BF2/gf/camera/gf_camera_subview.cpp\"","ds"
"00a81f00","C:/Monolithsoft/BF2/prog/application/BF2/gf/camera/gimmick/gf_camera_gimmick.cpp","\"C:/Monolithsoft/BF2/prog/application/BF2/gf/camera/gimmick/gf_camera_gimmick.cpp\"","ds"
"00a81f7b","C:/Monolithsoft/BF2/prog/application/BF2/gf/camera/plugin/gf_camera_plugin_ship_roll.cpp","\"C:/Monolithsoft/BF2/prog/application/BF2/gf/camera/plugin/gf_camera_plugin_ship_roll.cpp\"","ds"
"00a81fe7","C:/Monolithsoft/BF2/prog/application/BF2/gf/camera/script/gf_camera_script.cpp","\"C:/Monolithsoft/BF2/prog/application/BF2/gf/camera/script/gf_camera_script.cpp\"","ds"
"00a82036","C:/Monolithsoft/BF2/prog/application/BF2/gf/data/gf_bdat_bgm.cpp","\"C:/Monolithsoft/BF2/prog/application/BF2/gf/data/gf_bdat_bgm.cpp\"","ds"
"00a826f8","C:/Monolithsoft/BF2/prog/application/BF2/gf/data/gf_bdat_blade.cpp","\"C:/Monolithsoft/BF2/prog/application/BF2/gf/data/gf_bdat_blade.cpp\"","ds"
"00a830a6","C:/Monolithsoft/BF2/prog/application/BF2/gf/data/gf_bdat_btl.cpp","\"C:/Monolithsoft/BF2/prog/application/BF2/gf/data/gf_bdat_btl.cpp\"","ds"
"00a834ac","C:/Monolithsoft/BF2/prog/application/BF2/gf/data/gf_bdat_chrbl.cpp","\"C:/Monolithsoft/BF2/prog/application/BF2/gf/data/gf_bdat_chrbl.cpp\"","ds"
"00a836c7","C:/Monolithsoft/BF2/prog/application/BF2/gf/data/gf_bdat_chrdr.cpp","\"C:/Monolithsoft/BF2/prog/application/BF2/gf/data/gf_bdat_chrdr.cpp\"","ds"
"00a83988","C:/Monolithsoft/BF2/prog/application/BF2/gf/data/gf_bdat_chrenarrange.cpp","\"C:/Monolithsoft/BF2/prog/application/BF2/gf/data/gf_bdat_chrenarrange.cpp\"","ds"
"00a83bfb","C:/Monolithsoft/BF2/prog/application/BF2/gf/data/gf_bdat_chrenparam.cpp","\"C:/Monolithsoft/BF2/prog/application/BF2/gf/data/gf_bdat_chrenparam.cpp\"","ds"
"00a83ed6","C:/Monolithsoft/BF2/prog/application/BF2/gf/data/gf_bdat_cond.cpp","\"C:/Monolithsoft/BF2/prog/application/BF2/gf/data/gf_bdat_cond.cpp\"","ds"
"00a8439f","C:/Monolithsoft/BF2/prog/application/BF2/gf/data/gf_bdat_item.cpp","\"C:/Monolithsoft/BF2/prog/application/BF2/gf/data/gf_bdat_item.cpp\"","ds"
"00a843e1","C:/Monolithsoft/BF2/prog/application/BF2/gf/data/gf_bdat_lookat.cpp","\"C:/Monolithsoft/BF2/prog/application/BF2/gf/data/gf_bdat_lookat.cpp\"","ds"
"00a846f6","C:/Monolithsoft/BF2/prog/application/BF2/gf/data/gf_bdat_maplist.cpp","\"C:/Monolithsoft/BF2/prog/application/BF2/gf/data/gf_bdat_maplist.cpp\"","ds"
"00a8473b","C:/Monolithsoft/BF2/prog/application/BF2/gf/data/gf_bdat_msg.cpp","\"C:/Monolithsoft/BF2/prog/application/BF2/gf/data/gf_bdat_msg.cpp\"","ds"
"00a8477c","C:/Monolithsoft/BF2/prog/application/BF2/gf/data/gf_bdat_quest.cpp","\"C:/Monolithsoft/BF2/prog/application/BF2/gf/data/gf_bdat_quest.cpp\"","ds"
"00a85362","C:/Monolithsoft/BF2/prog/application/BF2/gf/data/gf_bdat_rsc.cpp","\"C:/Monolithsoft/BF2/prog/application/BF2/gf/data/gf_bdat_rsc.cpp\"","ds"
"00a85731","C:/Monolithsoft/BF2/prog/application/BF2/gf/data/gf_bdat_shop.cpp","\"C:/Monolithsoft/BF2/prog/application/BF2/gf/data/gf_bdat_shop.cpp\"","ds"
"00a85838","C:/Monolithsoft/BF2/prog/application/BF2/gf/data/gf_bdat_unique_motion.cpp","\"C:/Monolithsoft/BF2/prog/application/BF2/gf/data/gf_bdat_unique_motion.cpp\"","ds"
"00a85883","C:/Monolithsoft/BF2/prog/application/BF2/gf/data/gf_data_aoc.cpp","\"C:/Monolithsoft/BF2/prog/application/BF2/gf/data/gf_data_aoc.cpp\"","ds"
"00a876a6","C:/Monolithsoft/BF2/prog/application/BF2/gf/data/gf_data_bdat.cpp","\"C:/Monolithsoft/BF2/prog/application/BF2/gf/data/gf_data_bdat.cpp\"","ds"
"00a876f7","C:/Monolithsoft/BF2/prog/application/BF2/gf/data/gf_data_manager.cpp","\"C:/Monolithsoft/BF2/prog/application/BF2/gf/data/gf_data_manager.cpp\"","ds"
"00a8773c","C:/Monolithsoft/BF2/prog/application/BF2/gf/data/gf_data_obj.cpp","\"C:/Monolithsoft/BF2/prog/application/BF2/gf/data/gf_data_obj.cpp\"","ds"
"00a877e5","C:/Monolithsoft/BF2/prog/application/BF2/gf/data/gf_data_store.cpp","\"C:/Monolithsoft/BF2/prog/application/BF2/gf/data/gf_data_store.cpp\"","ds"
"00a87d4e","C:/Monolithsoft/BF2/prog/application/BF2/gf/data/gf_game_flag.cpp","\"C:/Monolithsoft/BF2/prog/application/BF2/gf/data/gf_game_flag.cpp\"","ds"
"00a883b7","C:/Monolithsoft/BF2/prog/application/BF2/gf/field/gf_field_bgm.cpp","\"C:/Monolithsoft/BF2/prog/application/BF2/gf/field/gf_field_bgm.cpp\"","ds"
"00a8843a","C:/Monolithsoft/BF2/prog/application/BF2/gf/field/gf_field_collect.cpp","\"C:/Monolithsoft/BF2/prog/application/BF2/gf/field/gf_field_collect.cpp\"","ds"
"00a884e9","C:/Monolithsoft/BF2/prog/application/BF2/gf/field/gf_field_dmg.cpp","\"C:/Monolithsoft/BF2/prog/application/BF2/gf/field/gf_field_dmg.cpp\"","ds"
"00a88550","C:/Monolithsoft/BF2/prog/application/BF2/gf/field/gf_field_gimmick.cpp","\"C:/Monolithsoft/BF2/prog/application/BF2/gf/field/gf_field_gimmick.cpp\"","ds"
"00a885c1","C:/Monolithsoft/BF2/prog/application/BF2/gf/field/gf_field_locator.cpp","\"C:/Monolithsoft/BF2/prog/application/BF2/gf/field/gf_field_locator.cpp\"","ds"
"00a887d0","C:/Monolithsoft/BF2/prog/application/BF2/gf/field/gf_field_lod.cpp","\"C:/Monolithsoft/BF2/prog/application/BF2/gf/field/gf_field_lod.cpp\"","ds"
"00a8881f","C:/Monolithsoft/BF2/prog/application/BF2/gf/field/gf_field_manager.cpp","\"C:/Monolithsoft/BF2/prog/application/BF2/gf/field/gf_field_manager.cpp\"","ds"
"00a88866","C:/Monolithsoft/BF2/prog/application/BF2\gf/field/gf_field_map_gimmick.h","\"C:/Monolithsoft/BF2/prog/application/BF2\\gf/field/gf_field_map_gimmick.h\"","ds"
"00a888bf","C:/Monolithsoft/BF2/prog/application/BF2/gf/field/gf_field_mapse.cpp","\"C:/Monolithsoft/BF2/prog/application/BF2/gf/field/gf_field_mapse.cpp\"","ds"
"00a88a17","C:/Monolithsoft/BF2/prog/application/BF2/gf/field/gf_field_map_gimmick.cpp","\"C:/Monolithsoft/BF2/prog/application/BF2/gf/field/gf_field_map_gimmick.cpp\"","ds"
"00a88a7f","C:/Monolithsoft/BF2/prog/application/BF2/gf/field/gf_field_sound.cpp","\"C:/Monolithsoft/BF2/prog/application/BF2/gf/field/gf_field_sound.cpp\"","ds"
"00a88bb2","C:/Monolithsoft/BF2/prog/application/BF2/gf/field/gf_field_tbox.cpp","\"C:/Monolithsoft/BF2/prog/application/BF2/gf/field/gf_field_tbox.cpp\"","ds"
"00a88c38","C:/Monolithsoft/BF2/prog/application/BF2/gf/field/gf_field_time.cpp","\"C:/Monolithsoft/BF2/prog/application/BF2/gf/field/gf_field_time.cpp\"","ds"
"00a88c84","C:/Monolithsoft/BF2/prog/application/BF2/gf/field/gf_field_weather.cpp","\"C:/Monolithsoft/BF2/prog/application/BF2/gf/field/gf_field_weather.cpp\"","ds"
"00a88ccb","C:/Monolithsoft/BF2/prog/application/BF2/gf/field/gf_field_weather_obj.cpp","\"C:/Monolithsoft/BF2/prog/application/BF2/gf/field/gf_field_weather_obj.cpp\"","ds"
"00a88d16","C:/Monolithsoft/BF2/prog/application/BF2/gf/field/gf_field_zone.cpp","\"C:/Monolithsoft/BF2/prog/application/BF2/gf/field/gf_field_zone.cpp\"","ds"
"00a88d5a","C:/Monolithsoft/BF2/prog/application/BF2/gf/field/gf_field_zone_script.cpp","\"C:/Monolithsoft/BF2/prog/application/BF2/gf/field/gf_field_zone_script.cpp\"","ds"
"00a88dac","C:/Monolithsoft/BF2/prog/application/BF2/gf/field/gf_field_zone_se.cpp","\"C:/Monolithsoft/BF2/prog/application/BF2/gf/field/gf_field_zone_se.cpp\"","ds"
"00a89057","C:/Monolithsoft/BF2/prog/application/BF2/gf/field/gf_fobj_manager.cpp","\"C:/Monolithsoft/BF2/prog/application/BF2/gf/field/gf_fobj_manager.cpp\"","ds"
"00a8909d","C:/Monolithsoft/BF2/prog/application/BF2/gf/game/achiev/gf_achiev_manager.cpp","\"C:/Monolithsoft/BF2/prog/application/BF2/gf/game/achiev/gf_achiev_manager.cpp\"","ds"
"00a891ee","C:/Monolithsoft/BF2/prog/application/BF2/gf/game/arena/gf_game_arena.cpp","\"C:/Monolithsoft/BF2/prog/application/BF2/gf/game/arena/gf_game_arena.cpp\"","ds"
"00a8935c","C:/Monolithsoft/BF2/prog/application/BF2/gf/game/auto_talk/gf_auto_talk.cpp","\"C:/Monolithsoft/BF2/prog/application/BF2/gf/game/auto_talk/gf_auto_talk.cpp\"","ds"
"00a893bd","C:/Monolithsoft/BF2/prog/application/BF2/gf/game/blade/gf_blade_manager.cpp","\"C:/Monolithsoft/BF2/prog/application/BF2/gf/game/blade/gf_blade_manager.cpp\"","ds"
"00a89440","C:/Monolithsoft/BF2/prog/application/BF2/gf/game/event/gf_evt_bgm.cpp","\"C:/Monolithsoft/BF2/prog/application/BF2/gf/game/event/gf_evt_bgm.cpp\"","ds"
"00a894a9","C:/Monolithsoft/BF2/prog/application/BF2/gf/game/event/gf_evt_model.cpp","\"C:/Monolithsoft/BF2/prog/application/BF2/gf/game/event/gf_evt_model.cpp\"","ds"
"00a89591","C:/Monolithsoft/BF2/prog/application/BF2/gf/game/event/gf_game_event.cpp","\"C:/Monolithsoft/BF2/prog/application/BF2/gf/game/event/gf_game_event.cpp\"","ds"
"00a89624","C:/Monolithsoft/BF2/prog/application/BF2/gf/game/gf_game_arts_movie.cpp","\"C:/Monolithsoft/BF2/prog/application/BF2/gf/game/gf_game_arts_movie.cpp\"","ds"
"00a8966c","C:/Monolithsoft/BF2/prog/application/BF2/gf/game/gf_game_camera.cpp","\"C:/Monolithsoft/BF2/prog/application/BF2/gf/game/gf_game_camera.cpp\"","ds"
"00a896b0","C:/Monolithsoft/BF2/prog/application/BF2/gf/game/gf_game_chain_attack.cpp","\"C:/Monolithsoft/BF2/prog/application/BF2/gf/game/gf_game_chain_attack.cpp\"","ds"
"00a896fa","C:/Monolithsoft/BF2/prog/application/BF2/gf/game/gf_game_cond.cpp","\"C:/Monolithsoft/BF2/prog/application/BF2/gf/game/gf_game_cond.cpp\"","ds"
"00a8973c","C:/Monolithsoft/BF2/prog/application/BF2/gf/game/gf_game_dead_camera.cpp","\"C:/Monolithsoft/BF2/prog/application/BF2/gf/game/gf_game_dead_camera.cpp\"","ds"
"00a89785","C:/Monolithsoft/BF2/prog/application/BF2/gf/game/gf_game_env.cpp","\"C:/Monolithsoft/BF2/prog/application/BF2/gf/game/gf_game_env.cpp\"","ds"
"00a897dd","C:/Monolithsoft/BF2/prog/application/BF2/gf/game/gf_game_inside_battle_lock.cpp","\"C:/Monolithsoft/BF2/prog/application/BF2/gf/game/gf_game_inside_battle_lock.cpp\"","ds"
"00a8982d","C:/Monolithsoft/BF2/prog/application/BF2/gf/game/gf_game_manager.cpp","\"C:/Monolithsoft/BF2/prog/application/BF2/gf/game/gf_game_manager.cpp\"","ds"
"00a89872","C:/Monolithsoft/BF2/prog/application/BF2/gf/game/gf_game_mount.cpp","\"C:/Monolithsoft/BF2/prog/application/BF2/gf/game/gf_game_mount.cpp\"","ds"
"00a898b5","C:/Monolithsoft/BF2/prog/application/BF2/gf/game/gf_game_mover_switcher.cpp","\"C:/Monolithsoft/BF2/prog/application/BF2/gf/game/gf_game_mover_switcher.cpp\"","ds"
"00a89901","C:/Monolithsoft/BF2/prog/application/BF2/gf/game/gf_game_obj.cpp","\"C:/Monolithsoft/BF2/prog/application/BF2/gf/game/gf_game_obj.cpp\"","ds"
"00a899da","C:/Monolithsoft/BF2/prog/application/BF2/gf/game/gf_game_pad.cpp","\"C:/Monolithsoft/BF2/prog/application/BF2/gf/game/gf_game_pad.cpp\"","ds"
"00a89a5c","C:/Monolithsoft/BF2/prog/application/BF2/gf/game/gf_game_party.cpp","\"C:/Monolithsoft/BF2/prog/application/BF2/gf/game/gf_game_party.cpp\"","ds"
"00a89a9f","C:/Monolithsoft/BF2/prog/application/BF2/gf/game/gf_game_player_camera.cpp","\"C:/Monolithsoft/BF2/prog/application/BF2/gf/game/gf_game_player_camera.cpp\"","ds"
"00a89aea","C:/Monolithsoft/BF2/prog/application/BF2/gf/game/gf_game_player_formation.cpp","\"C:/Monolithsoft/BF2/prog/application/BF2/gf/game/gf_game_player_formation.cpp\"","ds"
"00a89b38","C:/Monolithsoft/BF2/prog/application/BF2/gf/game/gf_game_player_unique_scheduler.cpp","\"C:/Monolithsoft/BF2/prog/application/BF2/gf/game/gf_game_player_unique_scheduler.cpp\"","ds"
"00a89b8d","C:/Monolithsoft/BF2/prog/application/BF2/gf/game/gf_game_ride.cpp","\"C:/Monolithsoft/BF2/prog/application/BF2/gf/game/gf_game_ride.cpp\"","ds"
"00a89c06","C:/Monolithsoft/BF2/prog/application/BF2/gf/game/gf_game_scene.cpp","\"C:/Monolithsoft/BF2/prog/application/BF2/gf/game/gf_game_scene.cpp\"","ds"
"00a89d07","C:/Monolithsoft/BF2/prog/application/BF2/gf/game/gf_game_search_obj.cpp","\"C:/Monolithsoft/BF2/prog/application/BF2/gf/game/gf_game_search_obj.cpp\"","ds"
"00a89d4f","C:/Monolithsoft/BF2/prog/application/BF2/gf/game/gf_game_slow_attack.cpp","\"C:/Monolithsoft/BF2/prog/application/BF2/gf/game/gf_game_slow_attack.cpp\"","ds"
"00a89d98","C:/Monolithsoft/BF2/prog/application/BF2/gf/game/gf_game_state.cpp","\"C:/Monolithsoft/BF2/prog/application/BF2/gf/game/gf_game_state.cpp\"","ds"
"00a89f47","C:/Monolithsoft/BF2/prog/application/BF2/gf/game/gf_game_stuck_meter.cpp","\"C:/Monolithsoft/BF2/prog/application/BF2/gf/game/gf_game_stuck_meter.cpp\"","ds"
"00a89fa4","C:/Monolithsoft/BF2/prog/application/BF2/gf/game/gf_game_target.cpp","\"C:/Monolithsoft/BF2/prog/application/BF2/gf/game/gf_game_target.cpp\"","ds"
"00a8a0f3","C:/Monolithsoft/BF2/prog/application/BF2/gf/game/gf_game_trinity_attack.cpp","\"C:/Monolithsoft/BF2/prog/application/BF2/gf/game/gf_game_trinity_attack.cpp\"","ds"
"00a8a2f2","C:/Monolithsoft/BF2/prog/application/BF2/gf/game/gf_game_visible.cpp","\"C:/Monolithsoft/BF2/prog/application/BF2/gf/game/gf_game_visible.cpp\"","ds"
"00a8a337","C:/Monolithsoft/BF2/prog/application/BF2//../../libs/mcl/mm_lib/source\mm_mtl/map.h","\"C:/Monolithsoft/BF2/prog/application/BF2//../../libs/mcl/mm_lib/source\\mm_mtl/map.h\"","ds"
"00a8a3a0","C:/Monolithsoft/BF2/prog/application/BF2/gf/game/gf_game_voice.cpp","\"C:/Monolithsoft/BF2/prog/application/BF2/gf/game/gf_game_voice.cpp\"","ds"
"00a8a40d","C:/Monolithsoft/BF2/prog/application/BF2/gf/game/item/gf_item_manager.cpp","\"C:/Monolithsoft/BF2/prog/application/BF2/gf/game/item/gf_item_manager.cpp\"","ds"
"00a8a457","C:/Monolithsoft/BF2/prog/application/BF2/gf/game/kizunaring/gf_kizunaring_manager.cpp","\"C:/Monolithsoft/BF2/prog/application/BF2/gf/game/kizunaring/gf_kizunaring_manager.cpp\"","ds"
"00a8a4ad","C:/Monolithsoft/BF2/prog/application/BF2/gf/game/mercenaries/gf_game_mercenaries.cpp","\"C:/Monolithsoft/BF2/prog/application/BF2/gf/game/mercenaries/gf_game_mercenaries.cpp\"","ds"
"00a8a52f","C:/Monolithsoft/BF2/prog/application/BF2/gf/game/quest/gf_quest_manager.cpp","\"C:/Monolithsoft/BF2/prog/application/BF2/gf/game/quest/gf_quest_manager.cpp\"","ds"
"00a8a649","C:/Monolithsoft/BF2/prog/application/BF2/gf/game/salvage/gf_game_salvage.cpp","\"C:/Monolithsoft/BF2/prog/application/BF2/gf/game/salvage/gf_game_salvage.cpp\"","ds"
"00a8aa10","C:/Monolithsoft/BF2/prog/application/BF2/gf/game/sequential_play/gf_play_command.cpp","\"C:/Monolithsoft/BF2/prog/application/BF2/gf/game/sequential_play/gf_play_command.cpp\"","ds"
"00a8b2cb","C:/Monolithsoft/BF2/prog/application/BF2/gf/game/sequential_play/gf_sequential_play.cpp","\"C:/Monolithsoft/BF2/prog/application/BF2/gf/game/sequential_play/gf_sequential_play.cpp\"","ds"
"00a8b367","C:/Monolithsoft/BF2/prog/application/BF2/gf/game/smn_enemy/gf_smn_enemy.cpp","\"C:/Monolithsoft/BF2/prog/application/BF2/gf/game/smn_enemy/gf_smn_enemy.cpp\"","ds"
"00a8b3b3","C:/Monolithsoft/BF2/prog/application/BF2/gf/game/talk/gf_game_talk.cpp","\"C:/Monolithsoft/BF2/prog/application/BF2/gf/game/talk/gf_game_talk.cpp\"","ds"
"00a8b3fa","C:/Monolithsoft/BF2/prog/application/BF2/gf/gf_event.cpp","\"C:/Monolithsoft/BF2/prog/application/BF2/gf/gf_event.cpp\"","ds"
"00a8b433","C:/Monolithsoft/BF2/prog/application/BF2/gf/gf_info.cpp","\"C:/Monolithsoft/BF2/prog/application/BF2/gf/gf_info.cpp\"","ds"
"00a8b46b","C:/Monolithsoft/BF2/prog/application/BF2/gf/gf_manager.cpp","\"C:/Monolithsoft/BF2/prog/application/BF2/gf/gf_manager.cpp\"","ds"
"00a8b4a6","C:/Monolithsoft/BF2/prog/application/BF2/gf/gf_pause.cpp","\"C:/Monolithsoft/BF2/prog/application/BF2/gf/gf_pause.cpp\"","ds"
"00a8b55c","C:/Monolithsoft/BF2/prog/application/BF2/gf/map/gf_map_manager.cpp","\"C:/Monolithsoft/BF2/prog/application/BF2/gf/map/gf_map_manager.cpp\"","ds"
"00a8b5fc","C:/Monolithsoft/BF2/prog/application/BF2/gf/menu/adapter/gf_menu_achievement_adapter.cpp","\"C:/Monolithsoft/BF2/prog/application/BF2/gf/menu/adapter/gf_menu_achievement_adapter.cpp\"","ds"
"00a8b661","C:/Monolithsoft/BF2/prog/application/BF2/gf/menu/adapter/gf_menu_adapter_manager.cpp","\"C:/Monolithsoft/BF2/prog/application/BF2/gf/menu/adapter/gf_menu_adapter_manager.cpp\"","ds"
"00a8b6b6","C:/Monolithsoft/BF2/prog/application/BF2/gf/menu/adapter/gf_menu_arts_adapter.cpp","\"C:/Monolithsoft/BF2/prog/application/BF2/gf/menu/adapter/gf_menu_arts_adapter.cpp\"","ds"
"00a8b708","C:/Monolithsoft/BF2/prog/application/BF2/gf/menu/adapter/gf_menu_battle_adapter.cpp","\"C:/Monolithsoft/BF2/prog/application/BF2/gf/menu/adapter/gf_menu_battle_adapter.cpp\"","ds"
"00a8b76f","C:/Monolithsoft/BF2/prog/application/BF2/gf/menu/adapter/gf_menu_btlch_adapter.cpp","\"C:/Monolithsoft/BF2/prog/application/BF2/gf/menu/adapter/gf_menu_btlch_adapter.cpp\"","ds"
"00a8b7c2","C:/Monolithsoft/BF2/prog/application/BF2/gf/menu/adapter/gf_menu_char_data_adapter.cpp","\"C:/Monolithsoft/BF2/prog/application/BF2/gf/menu/adapter/gf_menu_char_data_adapter.cpp\"","ds"
"00a8b81f","C:/Monolithsoft/BF2/prog/application/BF2/gf/menu/adapter/gf_menu_diff_adapter.cpp","\"C:/Monolithsoft/BF2/prog/application/BF2/gf/menu/adapter/gf_menu_diff_adapter.cpp\"","ds"
"00a8b884","C:/Monolithsoft/BF2/prog/application/BF2/gf/menu/adapter/gf_menu_element_combo_adapter.cpp","\"C:/Monolithsoft/BF2/prog/application/BF2/gf/menu/adapter/gf_menu_element_combo_adapter.cpp\"","ds"
"00a8b8eb","C:/Monolithsoft/BF2/prog/application/BF2/gf/menu/adapter/gf_menu_enhance_adapter.cpp","\"C:/Monolithsoft/BF2/prog/application/BF2/gf/menu/adapter/gf_menu_enhance_adapter.cpp\"","ds"
"00a8b940","C:/Monolithsoft/BF2/prog/application/BF2/gf/menu/adapter/gf_menu_ev_theater_adapter.cpp","\"C:/Monolithsoft/BF2/prog/application/BF2/gf/menu/adapter/gf_menu_ev_theater_adapter.cpp\"","ds"
"00a8b998","C:/Monolithsoft/BF2/prog/application/BF2/gf/menu/adapter/gf_menu_exc_task_adapter.cpp","\"C:/Monolithsoft/BF2/prog/application/BF2/gf/menu/adapter/gf_menu_exc_task_adapter.cpp\"","ds"
"00a8b9ee","C:/Monolithsoft/BF2/prog/application/BF2/gf/menu/adapter/gf_menu_field_pos_adapter.cpp","\"C:/Monolithsoft/BF2/prog/application/BF2/gf/menu/adapter/gf_menu_field_pos_adapter.cpp\"","ds"
"00a8ba45","C:/Monolithsoft/BF2/prog/application/BF2/gf/menu/adapter/gf_menu_field_skill_adapter.cpp","\"C:/Monolithsoft/BF2/prog/application/BF2/gf/menu/adapter/gf_menu_field_skill_adapter.cpp\"","ds"
"00a8ba9e","C:/Monolithsoft/BF2/prog/application/BF2/gf/menu/adapter/gf_menu_game_adapter.cpp","\"C:/Monolithsoft/BF2/prog/application/BF2/gf/menu/adapter/gf_menu_game_adapter.cpp\"","ds"
"00a8bafc","C:/Monolithsoft/BF2/prog/application/BF2/gf/menu/adapter/gf_menu_gfobj_adapter.cpp","\"C:/Monolithsoft/BF2/prog/application/BF2/gf/menu/adapter/gf_menu_gfobj_adapter.cpp\"","ds"
"00a8bb4f","C:/Monolithsoft/BF2/prog/application/BF2/gf/menu/adapter/gf_menu_hana_adapter.cpp","\"C:/Monolithsoft/BF2/prog/application/BF2/gf/menu/adapter/gf_menu_hana_adapter.cpp\"","ds"
"00a8bbce","C:/Monolithsoft/BF2/prog/application/BF2/gf/menu/adapter/gf_menu_hana_parts_adapter.cpp","\"C:/Monolithsoft/BF2/prog/application/BF2/gf/menu/adapter/gf_menu_hana_parts_adapter.cpp\"","ds"
"00a8bc26","C:/Monolithsoft/BF2/prog/application/BF2/gf/menu/adapter/gf_menu_item_adapter.cpp","\"C:/Monolithsoft/BF2/prog/application/BF2/gf/menu/adapter/gf_menu_item_adapter.cpp\"","ds"
"00a8bc8f","C:/Monolithsoft/BF2/prog/application/BF2/gf/menu/adapter/gf_menu_mercenaries_adapter.cpp","\"C:/Monolithsoft/BF2/prog/application/BF2/gf/menu/adapter/gf_menu_mercenaries_adapter.cpp\"","ds"
"00a8bd07","C:/Monolithsoft/BF2/prog/application/BF2/gf/menu/adapter/gf_menu_mission_adapter.cpp","\"C:/Monolithsoft/BF2/prog/application/BF2/gf/menu/adapter/gf_menu_mission_adapter.cpp\"","ds"
"00a8bd77","C:/Monolithsoft/BF2/prog/application/BF2/gf/menu/adapter/gf_menu_pos_adapter.cpp","\"C:/Monolithsoft/BF2/prog/application/BF2/gf/menu/adapter/gf_menu_pos_adapter.cpp\"","ds"
"00a8bdc8","C:/Monolithsoft/BF2/prog/application/BF2/gf/menu/adapter/gf_menu_pouch_adapter.cpp","\"C:/Monolithsoft/BF2/prog/application/BF2/gf/menu/adapter/gf_menu_pouch_adapter.cpp\"","ds"
"00a8be1b","C:/Monolithsoft/BF2/prog/application/BF2/gf/menu/adapter/gf_menu_quest_adapter.cpp","\"C:/Monolithsoft/BF2/prog/application/BF2/gf/menu/adapter/gf_menu_quest_adapter.cpp\"","ds"
"00a8be83","C:/Monolithsoft/BF2/prog/application/BF2/gf/menu/adapter/gf_menu_reference_adapter.cpp","\"C:/Monolithsoft/BF2/prog/application/BF2/gf/menu/adapter/gf_menu_reference_adapter.cpp\"","ds"
"00a8beda","C:/Monolithsoft/BF2/prog/application/BF2/gf/menu/adapter/gf_menu_shop_adapter.cpp","\"C:/Monolithsoft/BF2/prog/application/BF2/gf/menu/adapter/gf_menu_shop_adapter.cpp\"","ds"
"00a8bf34","C:/Monolithsoft/BF2/prog/application/BF2/gf/menu/adapter/gf_menu_skill_adapter.cpp","\"C:/Monolithsoft/BF2/prog/application/BF2/gf/menu/adapter/gf_menu_skill_adapter.cpp\"","ds"
"00a8bf87","C:/Monolithsoft/BF2/prog/application/BF2/gf/menu/adapter/gf_menu_weapon_adapter.cpp","\"C:/Monolithsoft/BF2/prog/application/BF2/gf/menu/adapter/gf_menu_weapon_adapter.cpp\"","ds"
"00a8bfdb","C:/Monolithsoft/BF2/prog/application/BF2/gf/menu/adapter/gf_menu_weapon_type_adapter.cpp","\"C:/Monolithsoft/BF2/prog/application/BF2/gf/menu/adapter/gf_menu_weapon_type_adapter.cpp\"","ds"
"00a8c034","C:/Monolithsoft/BF2/prog/application/BF2/gf/menu/adapter/gf_menu_world_map_adapter.cpp","\"C:/Monolithsoft/BF2/prog/application/BF2/gf/menu/adapter/gf_menu_world_map_adapter.cpp\"","ds"
"00a8c08b","C:/Monolithsoft/BF2/prog/application/BF2/gf/menu/adapter/gf_menu_zone_adapter.cpp","\"C:/Monolithsoft/BF2/prog/application/BF2/gf/menu/adapter/gf_menu_zone_adapter.cpp\"","ds"
"00a8c0e2","C:/Monolithsoft/BF2/prog/application/BF2/gf/menu/adapter/gf_menu_zone_map_adapter.cpp","\"C:/Monolithsoft/BF2/prog/application/BF2/gf/menu/adapter/gf_menu_zone_map_adapter.cpp\"","ds"
"00a8c142","C:/Monolithsoft/BF2/prog/application/BF2/gf/menu/call/gf_menu_call_context.cpp","\"C:/Monolithsoft/BF2/prog/application/BF2/gf/menu/call/gf_menu_call_context.cpp\"","ds"
"00a8c191","C:/Monolithsoft/BF2/prog/application/BF2/gf/menu/call/gf_menu_call_manager.cpp","\"C:/Monolithsoft/BF2/prog/application/BF2/gf/menu/call/gf_menu_call_manager.cpp\"","ds"
"00a8c25b","C:/Monolithsoft/BF2/prog/application/BF2/gf/menu/gf_menu_equip.cpp","\"C:/Monolithsoft/BF2/prog/application/BF2/gf/menu/gf_menu_equip.cpp\"","ds"
"00a8c29e","C:/Monolithsoft/BF2/prog/application/BF2/gf/menu/gf_menu_fade.cpp","\"C:/Monolithsoft/BF2/prog/application/BF2/gf/menu/gf_menu_fade.cpp\"","ds"
"00a8c2e0","C:/Monolithsoft/BF2/prog/application/BF2/gf/menu/gf_menu_field_skill.cpp","\"C:/Monolithsoft/BF2/prog/application/BF2/gf/menu/gf_menu_field_skill.cpp\"","ds"
"00a8c398","C:/Monolithsoft/BF2/prog/application/BF2/gf/menu/gf_menu_fullscreen.cpp","\"C:/Monolithsoft/BF2/prog/application/BF2/gf/menu/gf_menu_fullscreen.cpp\"","ds"
"00a8c3e0","C:/Monolithsoft/BF2/prog/application/BF2/gf/menu/gf_menu_hud.cpp","\"C:/Monolithsoft/BF2/prog/application/BF2/gf/menu/gf_menu_hud.cpp\"","ds"
"00a8c431","C:/Monolithsoft/BF2/prog/application/BF2/gf/menu/gf_menu_kizunaring.cpp","\"C:/Monolithsoft/BF2/prog/application/BF2/gf/menu/gf_menu_kizunaring.cpp\"","ds"
"00a8c479","C:/Monolithsoft/BF2/prog/application/BF2/gf/menu/gf_menu_location.cpp","\"C:/Monolithsoft/BF2/prog/application/BF2/gf/menu/gf_menu_location.cpp\"","ds"
"00a8c4bf","C:/Monolithsoft/BF2/prog/application/BF2/gf/menu/gf_menu_main.cpp","\"C:/Monolithsoft/BF2/prog/application/BF2/gf/menu/gf_menu_main.cpp\"","ds"
"00a8c55e","C:/Monolithsoft/BF2/prog/application/BF2/gf/menu/gf_menu_manager.cpp","\"C:/Monolithsoft/BF2/prog/application/BF2/gf/menu/gf_menu_manager.cpp\"","ds"
"00a8ce4e","C:/Monolithsoft/BF2/prog/application/BF2\ui/tag/ui_tag_parser.h","\"C:/Monolithsoft/BF2/prog/application/BF2\\ui/tag/ui_tag_parser.h\"","ds"
"00a8ce8e","C:/Monolithsoft/BF2/prog/application/BF2/gf/menu/gf_menu_many_objects.cpp","\"C:/Monolithsoft/BF2/prog/application/BF2/gf/menu/gf_menu_many_objects.cpp\"","ds"
"00a8ced8","C:/Monolithsoft/BF2/prog/application/BF2/gf/menu/gf_menu_map_info.cpp","\"C:/Monolithsoft/BF2/prog/application/BF2/gf/menu/gf_menu_map_info.cpp\"","ds"
"00a8cfed","C:/Monolithsoft/BF2/prog/application/BF2/gf/menu/gf_menu_minimap.cpp","\"C:/Monolithsoft/BF2/prog/application/BF2/gf/menu/gf_menu_minimap.cpp\"","ds"
"00a8d040","C:/Monolithsoft/BF2/prog/application/BF2/gf/menu/gf_menu_order_mgr.cpp","\"C:/Monolithsoft/BF2/prog/application/BF2/gf/menu/gf_menu_order_mgr.cpp\"","ds"
"00a8d087","C:/Monolithsoft/BF2/prog/application/BF2/gf/menu/gf_menu_precious.cpp","\"C:/Monolithsoft/BF2/prog/application/BF2/gf/menu/gf_menu_precious.cpp\"","ds"
"00a8d0cd","C:/Monolithsoft/BF2/prog/application/BF2/gf/menu/gf_menu_quest.cpp","\"C:/Monolithsoft/BF2/prog/application/BF2/gf/menu/gf_menu_quest.cpp\"","ds"
"00a8d110","C:/Monolithsoft/BF2/prog/application/BF2/gf/menu/gf_menu_reference.cpp","\"C:/Monolithsoft/BF2/prog/application/BF2/gf/menu/gf_menu_reference.cpp\"","ds"
"00a8d157","C:/Monolithsoft/BF2/prog/application/BF2/gf/menu/gf_menu_script_manager.cpp","\"C:/Monolithsoft/BF2/prog/application/BF2/gf/menu/gf_menu_script_manager.cpp\"","ds"
"00a8d1b9","C:/Monolithsoft/BF2/prog/application/BF2/gf/menu/gf_menu_shop.cpp","\"C:/Monolithsoft/BF2/prog/application/BF2/gf/menu/gf_menu_shop.cpp\"","ds"
"00a8d1fb","C:/Monolithsoft/BF2/prog/application/BF2/gf/menu/gf_menu_sound_manager.cpp","\"C:/Monolithsoft/BF2/prog/application/BF2/gf/menu/gf_menu_sound_manager.cpp\"","ds"
"00a8d246","C:/Monolithsoft/BF2/prog/application/BF2/gf/menu/gf_menu_status.cpp","\"C:/Monolithsoft/BF2/prog/application/BF2/gf/menu/gf_menu_status.cpp\"","ds"
"00a8d28a","C:/Monolithsoft/BF2/prog/application/BF2/gf/menu/list/gf_menu_arts_list.cpp","\"C:/Monolithsoft/BF2/prog/application/BF2/gf/menu/list/gf_menu_arts_list.cpp\"","ds"
"00a8d2d6","C:/Monolithsoft/BF2/prog/application/BF2/gf/menu/list/gf_menu_blade_list.cpp","\"C:/Monolithsoft/BF2/prog/application/BF2/gf/menu/list/gf_menu_blade_list.cpp\"","ds"
"00a8d323","C:/Monolithsoft/BF2/prog/application/BF2/gf/menu/list/gf_menu_driver_list.cpp","\"C:/Monolithsoft/BF2/prog/application/BF2/gf/menu/list/gf_menu_driver_list.cpp\"","ds"
"00a8d371","C:/Monolithsoft/BF2/prog/application/BF2/gf/menu/list/gf_menu_enemy_list.cpp","\"C:/Monolithsoft/BF2/prog/application/BF2/gf/menu/list/gf_menu_enemy_list.cpp\"","ds"
"00a8d3be","C:/Monolithsoft/BF2/prog/application/BF2/gf/menu/list/gf_menu_field_skill_list.cpp","\"C:/Monolithsoft/BF2/prog/application/BF2/gf/menu/list/gf_menu_field_skill_list.cpp\"","ds"
"00a8d411","C:/Monolithsoft/BF2/prog/application/BF2/gf/menu/list/gf_menu_id_list.cpp","\"C:/Monolithsoft/BF2/prog/application/BF2/gf/menu/list/gf_menu_id_list.cpp\"","ds"
"00a8d48c","C:/Monolithsoft/BF2/prog/application/BF2/gf/menu/list/gf_menu_item_list.cpp","\"C:/Monolithsoft/BF2/prog/application/BF2/gf/menu/list/gf_menu_item_list.cpp\"","ds"
"00a8d501","C:/Monolithsoft/BF2/prog/application/BF2/gf/menu/list/gf_menu_msg_list.cpp","\"C:/Monolithsoft/BF2/prog/application/BF2/gf/menu/list/gf_menu_msg_list.cpp\"","ds"
"00a8d54c","C:/Monolithsoft/BF2/prog/application/BF2/gf/menu/list/gf_menu_quest_list.cpp","\"C:/Monolithsoft/BF2/prog/application/BF2/gf/menu/list/gf_menu_quest_list.cpp\"","ds"
"00a8d599","C:/Monolithsoft/BF2/prog/application/BF2/gf/menu/list/gf_menu_zone_map_list.cpp","\"C:/Monolithsoft/BF2/prog/application/BF2/gf/menu/list/gf_menu_zone_map_list.cpp\"","ds"
"00a8d5fd","C:/Monolithsoft/BF2/prog/application/BF2/gf/menu/model_view/gf_menu_dynamics_calculator.cpp","\"C:/Monolithsoft/BF2/prog/application/BF2/gf/menu/model_view/gf_menu_dynamics_calculator.cpp\"","ds"
"00a8d68b","C:/Monolithsoft/BF2/prog/application/BF2/gf/menu/model_view/gf_menu_model_view.cpp","\"C:/Monolithsoft/BF2/prog/application/BF2/gf/menu/model_view/gf_menu_model_view.cpp\"","ds"
"00a8d71f","C:/Monolithsoft/BF2/prog/application/BF2/gf/menu/object/gf_menu_obj_action_window.cpp","\"C:/Monolithsoft/BF2/prog/application/BF2/gf/menu/object/gf_menu_obj_action_window.cpp\"","ds"
"00a8d796","C:/Monolithsoft/BF2/prog/application/BF2/gf/menu/object/gf_menu_obj_announce.cpp","\"C:/Monolithsoft/BF2/prog/application/BF2/gf/menu/object/gf_menu_obj_announce.cpp\"","ds"
"00a8db0a","C:/Monolithsoft/BF2/prog/application/BF2/gf/menu/object/gf_menu_obj_arts_palette.cpp","\"C:/Monolithsoft/BF2/prog/application/BF2/gf/menu/object/gf_menu_obj_arts_palette.cpp\"","ds"
"00a8dda0","C:/Monolithsoft/BF2/prog/application/BF2/gf/menu/object/gf_menu_obj_balloon.cpp","\"C:/Monolithsoft/BF2/prog/application/BF2/gf/menu/object/gf_menu_obj_balloon.cpp\"","ds"
"00a8e50e","C:/Monolithsoft/BF2/prog/application/BF2/gf/menu/object/../gf_menu_reference_item.h","\"C:/Monolithsoft/BF2/prog/application/BF2/gf/menu/object/../gf_menu_reference_item.h\"","ds"
"00a8e591","C:/Monolithsoft/BF2/prog/application/BF2/gf/menu/object/gf_menu_obj_battle_telop.cpp","\"C:/Monolithsoft/BF2/prog/application/BF2/gf/menu/object/gf_menu_obj_battle_telop.cpp\"","ds"
"00a8e7b7","C:/Monolithsoft/BF2/prog/application/BF2/gf/menu/object/../gf_menu_reference_number.h","\"C:/Monolithsoft/BF2/prog/application/BF2/gf/menu/object/../gf_menu_reference_number.h\"","ds"
"00a8e80d","C:/Monolithsoft/BF2/prog/application/BF2/gf/menu/object/gf_menu_obj_blade_book.cpp","\"C:/Monolithsoft/BF2/prog/application/BF2/gf/menu/object/gf_menu_obj_blade_book.cpp\"","ds"
"00a8ea77","C:/Monolithsoft/BF2/prog/application/BF2/gf/menu/object/gf_menu_obj_blade_change.cpp","\"C:/Monolithsoft/BF2/prog/application/BF2/gf/menu/object/gf_menu_obj_blade_change.cpp\"","ds"
"00a8ed07","C:/Monolithsoft/BF2/prog/application/BF2/gf/menu/object/gf_menu_obj_blade_create.cpp","\"C:/Monolithsoft/BF2/prog/application/BF2/gf/menu/object/gf_menu_obj_blade_create.cpp\"","ds"
"00a8f2e7","C:/Monolithsoft/BF2/prog/application/BF2/gf/menu/object/gf_menu_obj_blade_name.cpp","\"C:/Monolithsoft/BF2/prog/application/BF2/gf/menu/object/gf_menu_obj_blade_name.cpp\"","ds"
"00a8f384","C:/Monolithsoft/BF2/prog/application/BF2/gf/menu/object/gf_menu_obj_blade_release.cpp","\"C:/Monolithsoft/BF2/prog/application/BF2/gf/menu/object/gf_menu_obj_blade_release.cpp\"","ds"
"00a8f47f","C:/Monolithsoft/BF2/prog/application/BF2/gf/menu/object/gf_menu_obj_blade_set2.cpp","\"C:/Monolithsoft/BF2/prog/application/BF2/gf/menu/object/gf_menu_obj_blade_set2.cpp\"","ds"
"00a8f78d","C:/Monolithsoft/BF2/prog/application/BF2/gf/menu/object/gf_menu_obj_blade_switch.cpp","\"C:/Monolithsoft/BF2/prog/application/BF2/gf/menu/object/gf_menu_obj_blade_switch.cpp\"","ds"
"00a8f800","C:/Monolithsoft/BF2/prog/application/BF2/gf/menu/object/gf_menu_obj_bl_equip.cpp","\"C:/Monolithsoft/BF2/prog/application/BF2/gf/menu/object/gf_menu_obj_bl_equip.cpp\"","ds"
"00a8fa36","C:/Monolithsoft/BF2/prog/application/BF2/gf/menu/object/gf_menu_obj_bl_kizuna_ring.cpp","\"C:/Monolithsoft/BF2/prog/application/BF2/gf/menu/object/gf_menu_obj_bl_kizuna_ring.cpp\"","ds"
"00a8fda4","C:/Monolithsoft/BF2/prog/application/BF2/gf/menu/object/gf_menu_obj_bl_weapon2.cpp","\"C:/Monolithsoft/BF2/prog/application/BF2/gf/menu/object/gf_menu_obj_bl_weapon2.cpp\"","ds"
"00a900f8","C:/Monolithsoft/BF2/prog/application/BF2/gf/menu/object/gf_menu_obj_btlch_order.cpp","\"C:/Monolithsoft/BF2/prog/application/BF2/gf/menu/object/gf_menu_obj_btlch_order.cpp\"","ds"
"00a90675","C:/Monolithsoft/BF2/prog/application/BF2/gf/menu/object/gf_menu_obj_btlch_telop.cpp","\"C:/Monolithsoft/BF2/prog/application/BF2/gf/menu/object/gf_menu_obj_btlch_telop.cpp\"","ds"
"00a9084f","C:/Monolithsoft/BF2/prog/application/BF2/gf/menu/object/gf_menu_obj_btlch_tutorial.cpp","\"C:/Monolithsoft/BF2/prog/application/BF2/gf/menu/object/gf_menu_obj_btlch_tutorial.cpp\"","ds"
"00a90996","C:/Monolithsoft/BF2/prog/application/BF2/gf/menu/object/gf_menu_obj_btl_time.cpp","\"C:/Monolithsoft/BF2/prog/application/BF2/gf/menu/object/gf_menu_obj_btl_time.cpp\"","ds"
"00a90b75","C:/Monolithsoft/BF2/prog/application/BF2/gf/menu/object/gf_menu_obj_button_challenge2.cpp","\"C:/Monolithsoft/BF2/prog/application/BF2/gf/menu/object/gf_menu_obj_button_challenge2.cpp\"","ds"
"00a91060","C:/Monolithsoft/BF2/prog/application/BF2/gf/menu/object/gf_menu_obj_camp_menu.cpp","\"C:/Monolithsoft/BF2/prog/application/BF2/gf/menu/object/gf_menu_obj_camp_menu.cpp\"","ds"
"00a913e4","C:/Monolithsoft/BF2/prog/application/BF2/gf/menu/object/gf_menu_obj_chain_attack.cpp","\"C:/Monolithsoft/BF2/prog/application/BF2/gf/menu/object/gf_menu_obj_chain_attack.cpp\"","ds"
"00a9179d","C:/Monolithsoft/BF2/prog/application/BF2/gf/menu/object/gf_menu_obj_chain_icon.cpp","\"C:/Monolithsoft/BF2/prog/application/BF2/gf/menu/object/gf_menu_obj_chain_icon.cpp\"","ds"
"00a9181c","C:/Monolithsoft/BF2/prog/application/BF2/gf/menu/object/../gf_menu_many_objects.h","\"C:/Monolithsoft/BF2/prog/application/BF2/gf/menu/object/../gf_menu_many_objects.h\"","ds"
"00a9186e","C:/Monolithsoft/BF2/prog/application/BF2/gf/menu/object/gf_menu_obj_chapter_telop.cpp","\"C:/Monolithsoft/BF2/prog/application/BF2/gf/menu/object/gf_menu_obj_chapter_telop.cpp\"","ds"
"00a9197e","C:/Monolithsoft/BF2/prog/application/BF2/gf/menu/object/gf_menu_obj_char_change.cpp","\"C:/Monolithsoft/BF2/prog/application/BF2/gf/menu/object/gf_menu_obj_char_change.cpp\"","ds"
"00a91ec8","C:/Monolithsoft/BF2/prog/application/BF2/gf/menu/object/gf_menu_obj_char_select.cpp","\"C:/Monolithsoft/BF2/prog/application/BF2/gf/menu/object/gf_menu_obj_char_select.cpp\"","ds"
"00a924fd","C:/Monolithsoft/BF2/prog/application/BF2/gf/menu/object/gf_menu_obj_char_select_ira.cpp","\"C:/Monolithsoft/BF2/prog/application/BF2/gf/menu/object/gf_menu_obj_char_select_ira.cpp\"","ds"
"00a92917","C:/Monolithsoft/BF2/prog/application/BF2/gf/menu/object/gf_menu_obj_cmn_status.cpp","\"C:/Monolithsoft/BF2/prog/application/BF2/gf/menu/object/gf_menu_obj_cmn_status.cpp\"","ds"
"00a93c67","C:/Monolithsoft/BF2/prog/application/BF2/gf/menu/object/gf_menu_obj_combo_route.cpp","\"C:/Monolithsoft/BF2/prog/application/BF2/gf/menu/object/gf_menu_obj_combo_route.cpp\"","ds"
"00a93ea0","C:/Monolithsoft/BF2/prog/application/BF2/gf/menu/object/gf_menu_obj_combo_route_simple.cpp","\"C:/Monolithsoft/BF2/prog/application/BF2/gf/menu/object/gf_menu_obj_combo_route_simple.cpp\"","ds"
"00a93f95","C:/Monolithsoft/BF2/prog/application/BF2/gf/menu/object/gf_menu_obj_common_text.cpp","\"C:/Monolithsoft/BF2/prog/application/BF2/gf/menu/object/gf_menu_obj_common_text.cpp\"","ds"
"00a947c3","C:/Monolithsoft/BF2/prog/application/BF2/gf/menu/object/gf_menu_obj_compass.cpp","\"C:/Monolithsoft/BF2/prog/application/BF2/gf/menu/object/gf_menu_obj_compass.cpp\"","ds"
"00a94948","C:/Monolithsoft/BF2/prog/application/BF2/gf/menu/object/gf_menu_obj_cylinderselect.cpp","\"C:/Monolithsoft/BF2/prog/application/BF2/gf/menu/object/gf_menu_obj_cylinderselect.cpp\"","ds"
"00a9499f","C:/Monolithsoft/BF2/prog/application/BF2/gf/menu/object/gf_menu_obj_damage_buff.cpp","\"C:/Monolithsoft/BF2/prog/application/BF2/gf/menu/object/gf_menu_obj_damage_buff.cpp\"","ds"
"00a94aad","C:/Monolithsoft/BF2/prog/application/BF2/gf/menu/object/gf_menu_obj_damage_value.cpp","\"C:/Monolithsoft/BF2/prog/application/BF2/gf/menu/object/gf_menu_obj_damage_value.cpp\"","ds"
"00a94bc1","C:/Monolithsoft/BF2/prog/application/BF2/gf/menu/object/gf_menu_obj_drop_item.cpp","\"C:/Monolithsoft/BF2/prog/application/BF2/gf/menu/object/gf_menu_obj_drop_item.cpp\"","ds"
"00a94d58","C:/Monolithsoft/BF2/prog/application/BF2/gf/menu/object/gf_menu_obj_dr_arts_set2.cpp","\"C:/Monolithsoft/BF2/prog/application/BF2/gf/menu/object/gf_menu_obj_dr_arts_set2.cpp\"","ds"
"00a9575d","C:/Monolithsoft/BF2/prog/application/BF2/gf/menu/object/gf_menu_obj_dr_equip2.cpp","\"C:/Monolithsoft/BF2/prog/application/BF2/gf/menu/object/gf_menu_obj_dr_equip2.cpp\"","ds"
"00a95927","C:/Monolithsoft/BF2/prog/application/BF2\gf/menu/gf_menu_reference_item.h","\"C:/Monolithsoft/BF2/prog/application/BF2\\gf/menu/gf_menu_reference_item.h\"","ds"
"00a95971","C:/Monolithsoft/BF2/prog/application/BF2/gf/menu/object/gf_menu_obj_dr_kizuna_ring.cpp","\"C:/Monolithsoft/BF2/prog/application/BF2/gf/menu/object/gf_menu_obj_dr_kizuna_ring.cpp\"","ds"
"00a95c0a","C:/Monolithsoft/BF2/prog/application/BF2/gf/menu/object/gf_menu_obj_element_eff.cpp","\"C:/Monolithsoft/BF2/prog/application/BF2/gf/menu/object/gf_menu_obj_element_eff.cpp\"","ds"
"00a95ce5","C:/Monolithsoft/BF2/prog/application/BF2/gf/menu/object/gf_menu_obj_enemy_status.cpp","\"C:/Monolithsoft/BF2/prog/application/BF2/gf/menu/object/gf_menu_obj_enemy_status.cpp\"","ds"
"00a95f9e","C:/Monolithsoft/BF2/prog/application/BF2/gf/menu/object/gf_menu_obj_environment_info.cpp","\"C:/Monolithsoft/BF2/prog/application/BF2/gf/menu/object/gf_menu_obj_environment_info.cpp\"","ds"
"00a9602c","C:/Monolithsoft/BF2/prog/application/BF2/gf/menu/object/gf_menu_obj_en_book.cpp","\"C:/Monolithsoft/BF2/prog/application/BF2/gf/menu/object/gf_menu_obj_en_book.cpp\"","ds"
"00a9644a","C:/Monolithsoft/BF2/prog/application/BF2/gf/menu/object/gf_menu_obj_event_skip.cpp","\"C:/Monolithsoft/BF2/prog/application/BF2/gf/menu/object/gf_menu_obj_event_skip.cpp\"","ds"
"00a964cb","C:/Monolithsoft/BF2/prog/application/BF2/gf/menu/object/gf_menu_obj_event_subtitle.cpp","\"C:/Monolithsoft/BF2/prog/application/BF2/gf/menu/object/gf_menu_obj_event_subtitle.cpp\"","ds"
"00a96556","C:/Monolithsoft/BF2/prog/application/BF2/gf/menu/object/gf_menu_obj_ev_theater.cpp","\"C:/Monolithsoft/BF2/prog/application/BF2/gf/menu/object/gf_menu_obj_ev_theater.cpp\"","ds"
"00a96b14","C:/Monolithsoft/BF2/prog/application/BF2/gf/menu/object/gf_menu_obj_exp_get.cpp","\"C:/Monolithsoft/BF2/prog/application/BF2/gf/menu/object/gf_menu_obj_exp_get.cpp\"","ds"
"00a96c70","C:/Monolithsoft/BF2/prog/application/BF2/gf/menu/object/gf_menu_obj_fade.cpp","\"C:/Monolithsoft/BF2/prog/application/BF2/gf/menu/object/gf_menu_obj_fade.cpp\"","ds"
"00a96cf8","C:/Monolithsoft/BF2/prog/application/BF2/gf/menu/object/gf_menu_obj_field_skill.cpp","\"C:/Monolithsoft/BF2/prog/application/BF2/gf/menu/object/gf_menu_obj_field_skill.cpp\"","ds"
"00a9705e","C:/Monolithsoft/BF2/prog/application/BF2\gf/menu/gf_menu_reference_fs.h","\"C:/Monolithsoft/BF2/prog/application/BF2\\gf/menu/gf_menu_reference_fs.h\"","ds"
"00a970a6","C:/Monolithsoft/BF2/prog/application/BF2/gf/menu/object/gf_menu_obj_gift_box.cpp","\"C:/Monolithsoft/BF2/prog/application/BF2/gf/menu/object/gf_menu_obj_gift_box.cpp\"","ds"
"00a97519","C:/Monolithsoft/BF2/prog/application/BF2/gf/menu/object/gf_menu_obj_hana_custom.cpp","\"C:/Monolithsoft/BF2/prog/application/BF2/gf/menu/object/gf_menu_obj_hana_custom.cpp\"","ds"
"00a97a59","C:/Monolithsoft/BF2/prog/application/BF2/gf/menu/object/../adapter/../gf_menu_reference_item.h","\"C:/Monolithsoft/BF2/prog/application/BF2/gf/menu/object/../adapter/../gf_menu_reference_item.h\"","ds"
"00a97ad8","C:/Monolithsoft/BF2/prog/application/BF2/gf/menu/object/gf_menu_obj_hana_parts_crystal.cpp","\"C:/Monolithsoft/BF2/prog/application/BF2/gf/menu/object/gf_menu_obj_hana_parts_crystal.cpp\"","ds"
"00a97c83","C:/Monolithsoft/BF2/prog/application/BF2/gf/menu/object/gf_menu_obj_hana_parts_make.cpp","\"C:/Monolithsoft/BF2/prog/application/BF2/gf/menu/object/gf_menu_obj_hana_parts_make.cpp\"","ds"
"00a97e62","C:/Monolithsoft/BF2/prog/application/BF2/gf/menu/object/gf_menu_obj_hana_submenu.cpp","\"C:/Monolithsoft/BF2/prog/application/BF2/gf/menu/object/gf_menu_obj_hana_submenu.cpp\"","ds"
"00a97f1b","C:/Monolithsoft/BF2/prog/application/BF2/gf/menu/object/gf_menu_obj_help_hud.cpp","\"C:/Monolithsoft/BF2/prog/application/BF2/gf/menu/object/gf_menu_obj_help_hud.cpp\"","ds"
"00a980ee","C:/Monolithsoft/BF2/prog/application/BF2/gf/menu/object/gf_menu_obj_hitonowa.cpp","\"C:/Monolithsoft/BF2/prog/application/BF2/gf/menu/object/gf_menu_obj_hitonowa.cpp\"","ds"
"00a9839f","C:/Monolithsoft/BF2/prog/application/BF2/gf/menu/object/gf_menu_obj_item_list2.cpp","\"C:/Monolithsoft/BF2/prog/application/BF2/gf/menu/object/gf_menu_obj_item_list2.cpp\"","ds"
"00a984d8","C:/Monolithsoft/BF2/prog/application/BF2/gf/menu/object/gf_menu_obj_link_jump.cpp","\"C:/Monolithsoft/BF2/prog/application/BF2/gf/menu/object/gf_menu_obj_link_jump.cpp\"","ds"
"00a9857c","C:/Monolithsoft/BF2/prog/application/BF2/gf/menu/object/gf_menu_obj_loading_ira.cpp","\"C:/Monolithsoft/BF2/prog/application/BF2/gf/menu/object/gf_menu_obj_loading_ira.cpp\"","ds"
"00a985d0","C:/Monolithsoft/BF2/prog/application/BF2/gf/menu/object/gf_menu_obj_location_telop.cpp","\"C:/Monolithsoft/BF2/prog/application/BF2/gf/menu/object/gf_menu_obj_location_telop.cpp\"","ds"
"00a98695","C:/Monolithsoft/BF2/prog/application/BF2/gf/menu/object/gf_menu_obj_lvup_main.cpp","\"C:/Monolithsoft/BF2/prog/application/BF2/gf/menu/object/gf_menu_obj_lvup_main.cpp\"","ds"
"00a98901","C:/Monolithsoft/BF2/prog/application/BF2/gf/menu/object/gf_menu_obj_lvup_select.cpp","\"C:/Monolithsoft/BF2/prog/application/BF2/gf/menu/object/gf_menu_obj_lvup_select.cpp\"","ds"
"00a98a14","C:/Monolithsoft/BF2/prog/application/BF2/gf/menu/object/gf_menu_obj_mainmenu2.cpp","\"C:/Monolithsoft/BF2/prog/application/BF2/gf/menu/object/gf_menu_obj_mainmenu2.cpp\"","ds"
"00a98d7c","C:/Monolithsoft/BF2/prog/application/BF2/gf/menu/object/gf_menu_obj_mainmenu2bg.cpp","\"C:/Monolithsoft/BF2/prog/application/BF2/gf/menu/object/gf_menu_obj_mainmenu2bg.cpp\"","ds"
"00a98ee9","C:/Monolithsoft/BF2/prog/application/BF2/gf/menu/object/gf_menu_obj_main_root.cpp","\"C:/Monolithsoft/BF2/prog/application/BF2/gf/menu/object/gf_menu_obj_main_root.cpp\"","ds"
"00a98f48","C:/Monolithsoft/BF2/prog/application/BF2/gf/menu/object/gf_menu_obj_main_submenu.cpp","\"C:/Monolithsoft/BF2/prog/application/BF2/gf/menu/object/gf_menu_obj_main_submenu.cpp\"","ds"
"00a98ff3","C:/Monolithsoft/BF2/prog/application/BF2/gf/menu/object/gf_menu_obj_mercenary_form.cpp","\"C:/Monolithsoft/BF2/prog/application/BF2/gf/menu/object/gf_menu_obj_mercenary_form.cpp\"","ds"
"00a997b8","C:/Monolithsoft/BF2/prog/application/BF2/gf/menu/object/gf_menu_obj_mercenary_report.cpp","\"C:/Monolithsoft/BF2/prog/application/BF2/gf/menu/object/gf_menu_obj_mercenary_report.cpp\"","ds"
"00a9983f","C:/Monolithsoft/BF2/prog/application/BF2/gf/menu/object/gf_menu_obj_mercenary_root.cpp","\"C:/Monolithsoft/BF2/prog/application/BF2/gf/menu/object/gf_menu_obj_mercenary_root.cpp\"","ds"
"00a998ac","C:/Monolithsoft/BF2/prog/application/BF2/gf/menu/object/gf_menu_obj_mercenary_top.cpp","\"C:/Monolithsoft/BF2/prog/application/BF2/gf/menu/object/gf_menu_obj_mercenary_top.cpp\"","ds"
"00a99e0b","C:/Monolithsoft/BF2/prog/application/BF2\gf/menu/gf_menu_reference_quest.h","\"C:/Monolithsoft/BF2/prog/application/BF2\\gf/menu/gf_menu_reference_quest.h\"","ds"
"00a99e6b","C:/Monolithsoft/BF2/prog/application/BF2/gf/menu/object/gf_menu_obj_minimap2.cpp","\"C:/Monolithsoft/BF2/prog/application/BF2/gf/menu/object/gf_menu_obj_minimap2.cpp\"","ds"
"00a99fa0","C:/Monolithsoft/BF2/prog/application/BF2/gf/menu/object/gf_menu_obj_named_dialog.cpp","\"C:/Monolithsoft/BF2/prog/application/BF2/gf/menu/object/gf_menu_obj_named_dialog.cpp\"","ds"
"00a9a0d6","C:/Monolithsoft/BF2/prog/application/BF2/gf/menu/object/gf_menu_obj_named_list.cpp","\"C:/Monolithsoft/BF2/prog/application/BF2/gf/menu/object/gf_menu_obj_named_list.cpp\"","ds"
"00a9a175","C:/Monolithsoft/BF2/prog/application/BF2/gf/menu/object/gf_menu_obj_name_select.cpp","\"C:/Monolithsoft/BF2/prog/application/BF2/gf/menu/object/gf_menu_obj_name_select.cpp\"","ds"
"00a9a26b","C:/Monolithsoft/BF2/prog/application/BF2/gf/menu/object/gf_menu_obj_npc_telop.cpp","\"C:/Monolithsoft/BF2/prog/application/BF2/gf/menu/object/gf_menu_obj_npc_telop.cpp\"","ds"
"00a9a375","C:/Monolithsoft/BF2/prog/application/BF2/gf/menu/object/gf_menu_obj_ocg.cpp","\"C:/Monolithsoft/BF2/prog/application/BF2/gf/menu/object/gf_menu_obj_ocg.cpp\"","ds"
"00a9a56e","C:/Monolithsoft/BF2/prog/application/BF2/gf/menu/object/gf_menu_obj_opening_telop.cpp","\"C:/Monolithsoft/BF2/prog/application/BF2/gf/menu/object/gf_menu_obj_opening_telop.cpp\"","ds"
"00a9a653","C:/Monolithsoft/BF2/prog/application/BF2/gf/menu/object/gf_menu_obj_operation_info.cpp","\"C:/Monolithsoft/BF2/prog/application/BF2/gf/menu/object/gf_menu_obj_operation_info.cpp\"","ds"
"00a9a71d","C:/Monolithsoft/BF2/prog/application/BF2/gf/menu/object/gf_menu_obj_option.cpp","\"C:/Monolithsoft/BF2/prog/application/BF2/gf/menu/object/gf_menu_obj_option.cpp\"","ds"
"00a9aae5","C:/Monolithsoft/BF2/prog/application/BF2/gf/menu/object/gf_menu_obj_other_cursor.cpp","\"C:/Monolithsoft/BF2/prog/application/BF2/gf/menu/object/gf_menu_obj_other_cursor.cpp\"","ds"
"00a9abbd","C:/Monolithsoft/BF2/prog/application/BF2/gf/menu/object/gf_menu_obj_party_form2.cpp","\"C:/Monolithsoft/BF2/prog/application/BF2/gf/menu/object/gf_menu_obj_party_form2.cpp\"","ds"
"00a9af9e","C:/Monolithsoft/BF2/prog/application/BF2/gf/menu/object/gf_menu_obj_party_form3.cpp","\"C:/Monolithsoft/BF2/prog/application/BF2/gf/menu/object/gf_menu_obj_party_form3.cpp\"","ds"
"00a9b2c0","C:/Monolithsoft/BF2/prog/application/BF2/gf/menu/object/gf_menu_obj_party_gauge.cpp","\"C:/Monolithsoft/BF2/prog/application/BF2/gf/menu/object/gf_menu_obj_party_gauge.cpp\"","ds"
"00a9b404","C:/Monolithsoft/BF2/prog/application/BF2/gf/menu/object/gf_menu_obj_party_status.cpp","\"C:/Monolithsoft/BF2/prog/application/BF2/gf/menu/object/gf_menu_obj_party_status.cpp\"","ds"
"00a9b673","C:/Monolithsoft/BF2/prog/application/BF2/gf/menu/object/gf_menu_obj_party_status2.cpp","\"C:/Monolithsoft/BF2/prog/application/BF2/gf/menu/object/gf_menu_obj_party_status2.cpp\"","ds"
"00a9b805","C:/Monolithsoft/BF2/prog/application/BF2\gf/menu/adapter/gf_menu_adapter.h","\"C:/Monolithsoft/BF2/prog/application/BF2\\gf/menu/adapter/gf_menu_adapter.h\"","ds"
"00a9b85c","C:/Monolithsoft/BF2/prog/application/BF2/gf/menu/object/gf_menu_obj_popup.cpp","\"C:/Monolithsoft/BF2/prog/application/BF2/gf/menu/object/gf_menu_obj_popup.cpp\"","ds"
"00a9ba90","C:/Monolithsoft/BF2/prog/application/BF2/gf/menu/object/gf_menu_obj_pouch2.cpp","\"C:/Monolithsoft/BF2/prog/application/BF2/gf/menu/object/gf_menu_obj_pouch2.cpp\"","ds"
"00a9c1d0","C:/Monolithsoft/BF2/prog/application/BF2/gf/menu/object/gf_menu_obj_quest_list.cpp","\"C:/Monolithsoft/BF2/prog/application/BF2/gf/menu/object/gf_menu_obj_quest_list.cpp\"","ds"
"00a9c6c7","C:/Monolithsoft/BF2/prog/application/BF2/gf/menu/object/gf_menu_obj_quest_log.cpp","\"C:/Monolithsoft/BF2/prog/application/BF2/gf/menu/object/gf_menu_obj_quest_log.cpp\"","ds"
"00a9c9ae","C:/Monolithsoft/BF2/prog/application/BF2/gf/menu/object/gf_menu_obj_quest_reward.cpp","\"C:/Monolithsoft/BF2/prog/application/BF2/gf/menu/object/gf_menu_obj_quest_reward.cpp\"","ds"
"00a9cb04","C:/Monolithsoft/BF2/prog/application/BF2/gf/menu/object/gf_menu_obj_salvage.cpp","\"C:/Monolithsoft/BF2/prog/application/BF2/gf/menu/object/gf_menu_obj_salvage.cpp\"","ds"
"00a9ccbe","C:/Monolithsoft/BF2/prog/application/BF2/gf/menu/object/gf_menu_obj_save_load2.cpp","\"C:/Monolithsoft/BF2/prog/application/BF2/gf/menu/object/gf_menu_obj_save_load2.cpp\"","ds"
"00a9ce1d","C:/Monolithsoft/BF2/prog/application/BF2/gf/menu/object/gf_menu_obj_shop.cpp","\"C:/Monolithsoft/BF2/prog/application/BF2/gf/menu/object/gf_menu_obj_shop.cpp\"","ds"
"00a9defc","C:/Monolithsoft/BF2/prog/application/BF2/gf/menu/object/gf_menu_obj_skip_time.cpp","\"C:/Monolithsoft/BF2/prog/application/BF2/gf/menu/object/gf_menu_obj_skip_time.cpp\"","ds"
"00a9e011","C:/Monolithsoft/BF2/prog/application/BF2/gf/menu/object/gf_menu_obj_sort.cpp","\"C:/Monolithsoft/BF2/prog/application/BF2/gf/menu/object/gf_menu_obj_sort.cpp\"","ds"
"00a9e0d8","C:/Monolithsoft/BF2/prog/application/BF2/gf/menu/object/gf_menu_obj_special_gauge.cpp","\"C:/Monolithsoft/BF2/prog/application/BF2/gf/menu/object/gf_menu_obj_special_gauge.cpp\"","ds"
"00a9e166","C:/Monolithsoft/BF2/prog/application/BF2/gf/menu/object/gf_menu_obj_staffroll.cpp","\"C:/Monolithsoft/BF2/prog/application/BF2/gf/menu/object/gf_menu_obj_staffroll.cpp\"","ds"
"00a9e25f","C:/Monolithsoft/BF2/prog/application/BF2/gf/menu/object/gf_menu_obj_target_cursor.cpp","\"C:/Monolithsoft/BF2/prog/application/BF2/gf/menu/object/gf_menu_obj_target_cursor.cpp\"","ds"
"00a9e371","C:/Monolithsoft/BF2/prog/application/BF2/gf/menu/object/gf_menu_obj_target_info.cpp","\"C:/Monolithsoft/BF2/prog/application/BF2/gf/menu/object/gf_menu_obj_target_info.cpp\"","ds"
"00a9e654","C:/Monolithsoft/BF2/prog/application/BF2/gf/menu/object/gf_menu_obj_tips.cpp","\"C:/Monolithsoft/BF2/prog/application/BF2/gf/menu/object/gf_menu_obj_tips.cpp\"","ds"
"00a9e6f4","C:/Monolithsoft/BF2/prog/application/BF2/gf/menu/object/gf_menu_obj_title.cpp","\"C:/Monolithsoft/BF2/prog/application/BF2/gf/menu/object/gf_menu_obj_title.cpp\"","ds"
"00a9e8aa","C:/Monolithsoft/BF2/prog/application/BF2/gf/menu/object/gf_menu_obj_tutorial.cpp","\"C:/Monolithsoft/BF2/prog/application/BF2/gf/menu/object/gf_menu_obj_tutorial.cpp\"","ds"
"00a9e9e4","C:/Monolithsoft/BF2/prog/application/BF2/gf/menu/object/gf_menu_obj_vision.cpp","\"C:/Monolithsoft/BF2/prog/application/BF2/gf/menu/object/gf_menu_obj_vision.cpp\"","ds"
"00a9eb11","C:/Monolithsoft/BF2/prog/application/BF2/gf/menu/object/gf_menu_obj_world_map.cpp","\"C:/Monolithsoft/BF2/prog/application/BF2/gf/menu/object/gf_menu_obj_world_map.cpp\"","ds"
"00a9f081","C:/Monolithsoft/BF2/prog/application/BF2/gf/menu/object/gf_menu_obj_zone_telop.cpp","\"C:/Monolithsoft/BF2/prog/application/BF2/gf/menu/object/gf_menu_obj_zone_telop.cpp\"","ds"
"00a9f1af","C:/Monolithsoft/BF2/prog/application/BF2/gf/model/gf_opt_model.cpp","\"C:/Monolithsoft/BF2/prog/application/BF2/gf/model/gf_opt_model.cpp\"","ds"
"00a9f1f2","C:/Monolithsoft/BF2/prog/application/BF2/gf/movie/gf_movie_manager.cpp","\"C:/Monolithsoft/BF2/prog/application/BF2/gf/movie/gf_movie_manager.cpp\"","ds"
"00a9f26c","C:/Monolithsoft/BF2/prog/application/BF2/gf/object/component/animation/gf_com_pack_anim.cpp","\"C:/Monolithsoft/BF2/prog/application/BF2/gf/object/component/animation/gf_com_pack_anim.cpp\"","ds"
"00a9f357","C:/Monolithsoft/BF2/prog/application/BF2/gf/object/component/behavior/movement/gf_move_jump.cpp","\"C:/Monolithsoft/BF2/prog/application/BF2/gf/object/component/behavior/movement/gf_move_jump.cpp\"","ds"
"00a9f3e4","C:/Monolithsoft/BF2/prog/application/BF2/gf/object/component/behavior/movement/gf_move_run.cpp","\"C:/Monolithsoft/BF2/prog/application/BF2/gf/object/component/behavior/movement/gf_move_run.cpp\"","ds"
"00a9f463","C:/Monolithsoft/BF2/prog/application/BF2/gf/object/component/behavior/movement/gf_move_slide.cpp","\"C:/Monolithsoft/BF2/prog/application/BF2/gf/object/component/behavior/movement/gf_move_slide.cpp\"","ds"
"00a9f4de","C:/Monolithsoft/BF2/prog/application/BF2/gf/object/component/behavior/movement/gf_move_turn.cpp","\"C:/Monolithsoft/BF2/prog/application/BF2/gf/object/component/behavior/movement/gf_move_turn.cpp\"","ds"
"00a9f91c","C:/Monolithsoft/BF2/prog/application/BF2/gf/object/component/effect/gf_com_effect_caster.cpp","\"C:/Monolithsoft/BF2/prog/application/BF2/gf/object/component/effect/gf_com_effect_caster.cpp\"","ds"
"00a9fd4f","C:/Monolithsoft/BF2/prog/application/BF2\gf/object/component/behavior/plugin/gf_foot_step_plugin.h","\"C:/Monolithsoft/BF2/prog/application/BF2\\gf/object/component/behavior/plugin/gf_foot_step_plugin.h\"","ds"
"00a9fdd6","C:/Monolithsoft/BF2/prog/application/BF2//../../libs/ailib/src\ailib/state/ai_state_hfsm.h","\"C:/Monolithsoft/BF2/prog/application/BF2//../../libs/ailib/src\\ailib/state/ai_state_hfsm.h\"","ds"
"00a9fea4","C:/Monolithsoft/BF2/prog/application/BF2/gf/object/component/env_sensor/gf_com_env_sensor.cpp","\"C:/Monolithsoft/BF2/prog/application/BF2/gf/object/component/env_sensor/gf_com_env_sensor.cpp\"","ds"
"00a9ff02","C:/Monolithsoft/BF2/prog/application/BF2/gf/object/component/env_sensor/gf_environment_sensor.cpp","\"C:/Monolithsoft/BF2/prog/application/BF2/gf/object/component/env_sensor/gf_environment_sensor.cpp\"","ds"
"00aa0041","C:/Monolithsoft/BF2/prog/application/BF2\gf/object/component/behavior/plugin/gf_foot_ik_controller_plugin.h","\"C:/Monolithsoft/BF2/prog/application/BF2\\gf/object/component/behavior/plugin/gf_foot_ik_controller_plugin.h\"","ds"
"00aa012c","C:/Monolithsoft/BF2/prog/application/BF2/gf/object/component/gf_com_ik.cpp","\"C:/Monolithsoft/BF2/prog/application/BF2/gf/object/component/gf_com_ik.cpp\"","ds"
"00aa019e","C:/Monolithsoft/BF2/prog/application/BF2/gf/object/component/gf_com_transform.cpp","\"C:/Monolithsoft/BF2/prog/application/BF2/gf/object/component/gf_com_transform.cpp\"","ds"
"00aa020b","C:/Monolithsoft/BF2/prog/application/BF2/gf/object/component/gimmick/gf_com_behavior_gmk.cpp","\"C:/Monolithsoft/BF2/prog/application/BF2/gf/object/component/gimmick/gf_com_behavior_gmk.cpp\"","ds"
"00aa02fe","C:/Monolithsoft/BF2/prog/application/BF2\gf/object/component/behavior/plugin/gf_eye_blink_plugin.h","\"C:/Monolithsoft/BF2/prog/application/BF2\\gf/object/component/behavior/plugin/gf_eye_blink_plugin.h\"","ds"
"00aa03de","C:/Monolithsoft/BF2/prog/application/BF2/gf/object/component/model/gf_com_model.cpp","\"C:/Monolithsoft/BF2/prog/application/BF2/gf/object/component/model/gf_com_model.cpp\"","ds"
"00aa04b4","C:/Monolithsoft/BF2/prog/application/BF2\gf/object/component/behavior/plugin/gf_lip_sync_plugin.h","\"C:/Monolithsoft/BF2/prog/application/BF2\\gf/object/component/behavior/plugin/gf_lip_sync_plugin.h\"","ds"
"00aa099f","C:/Monolithsoft/BF2/prog/application/BF2//../../libs/ailib/src\ailib/behavior/ai_behavior_tree.h","\"C:/Monolithsoft/BF2/prog/application/BF2//../../libs/ailib/src\\ailib/behavior/ai_behavior_tree.h\"","ds"
"00aa0a20","C:/Monolithsoft/BF2/prog/application/BF2\gf/object/component/pc/field/ai/gf_pc_ai_jump_task_field.h","\"C:/Monolithsoft/BF2/prog/application/BF2\\gf/object/component/pc/field/ai/gf_pc_ai_jump_task_field.h\"","ds"
"00aa0a84","C:/Monolithsoft/BF2/prog/application/BF2\gf/object/component/pc/field/ai/gf_pc_ai_follow_task_field.h","\"C:/Monolithsoft/BF2/prog/application/BF2\\gf/object/component/pc/field/ai/gf_pc_ai_follow_task_field.h\"","ds"
"00aa0aea","C:/Monolithsoft/BF2/prog/application/BF2\gf/object/component/pc/field/ai/gf_pc_ai_wall_task_field.h","\"C:/Monolithsoft/BF2/prog/application/BF2\\gf/object/component/pc/field/ai/gf_pc_ai_wall_task_field.h\"","ds"
"00aa0b4e","C:/Monolithsoft/BF2/prog/application/BF2\gf/object/component/pc/field/ai/gf_pc_ai_retreat_task_field.h","\"C:/Monolithsoft/BF2/prog/application/BF2\\gf/object/component/pc/field/ai/gf_pc_ai_retreat_task_field.h\"","ds"
"00aa0bb5","C:/Monolithsoft/BF2/prog/application/BF2\gf/object/component/pc/field/ai/gf_pc_ai_idle_task_field.h","\"C:/Monolithsoft/BF2/prog/application/BF2\\gf/object/component/pc/field/ai/gf_pc_ai_idle_task_field.h\"","ds"
"00aa0c55","C:/Monolithsoft/BF2/prog/application/BF2/gf/object/component/pc/field/ai/gf_pc_ai_follow_task_field.cpp","\"C:/Monolithsoft/BF2/prog/application/BF2/gf/object/component/pc/field/ai/gf_pc_ai_follow_task_field.cpp\"","ds"
"00aa0d23","C:/Monolithsoft/BF2/prog/application/BF2/gf/object/component/pc/field/ai/gf_pc_ai_sensor_task_field.cpp","\"C:/Monolithsoft/BF2/prog/application/BF2/gf/object/component/pc/field/ai/gf_pc_ai_sensor_task_field.cpp\"","ds"
"00aa0d8b","C:/Monolithsoft/BF2/prog/application/BF2\gf/object/component/pc/field/ai/gf_pc_ai_sensor_task_field.h","\"C:/Monolithsoft/BF2/prog/application/BF2\\gf/object/component/pc/field/ai/gf_pc_ai_sensor_task_field.h\"","ds"
"00aa0e06","C:/Monolithsoft/BF2/prog/application/BF2/gf/object/component/pc/field/ai/gf_pc_ai_wall_task_field.cpp","\"C:/Monolithsoft/BF2/prog/application/BF2/gf/object/component/pc/field/ai/gf_pc_ai_wall_task_field.cpp\"","ds"
"00aa0f17","C:/Monolithsoft/BF2/prog/application/BF2/gf/object/component/pc/field/ai/gf_pc_ai_warp_task_field.cpp","\"C:/Monolithsoft/BF2/prog/application/BF2/gf/object/component/pc/field/ai/gf_pc_ai_warp_task_field.cpp\"","ds"
"00aa0fba","C:/Monolithsoft/BF2/prog/application/BF2\gf/object/component/pc/field/ai/gf_pc_ai_warp_task_field.h","\"C:/Monolithsoft/BF2/prog/application/BF2\\gf/object/component/pc/field/ai/gf_pc_ai_warp_task_field.h\"","ds"
"00aa1974","C:/Monolithsoft/BF2/prog/application/BF2/gf/object/component/pc/gf_com_behavior_pc.cpp","\"C:/Monolithsoft/BF2/prog/application/BF2/gf/object/component/pc/gf_com_behavior_pc.cpp\"","ds"
"00aa19da","C:/Monolithsoft/BF2/prog/application/BF2\gf/object/component/pc/plugin/gf_pc_access_plugin.h","\"C:/Monolithsoft/BF2/prog/application/BF2\\gf/object/component/pc/plugin/gf_pc_access_plugin.h\"","ds"
"00aa1a37","C:/Monolithsoft/BF2/prog/application/BF2\gf/object/component/pc/plugin/gf_pc_fall_into_coli_plugin.h","\"C:/Monolithsoft/BF2/prog/application/BF2\\gf/object/component/pc/plugin/gf_pc_fall_into_coli_plugin.h\"","ds"
"00aa1a9c","C:/Monolithsoft/BF2/prog/application/BF2\gf/object/component/pc/plugin/gf_pc_fade_plugin.h","\"C:/Monolithsoft/BF2/prog/application/BF2\\gf/object/component/pc/plugin/gf_pc_fade_plugin.h\"","ds"
"00aa1af7","C:/Monolithsoft/BF2/prog/application/BF2\gf/object/component/pc/plugin/gf_pc_lure_plugin.h","\"C:/Monolithsoft/BF2/prog/application/BF2\\gf/object/component/pc/plugin/gf_pc_lure_plugin.h\"","ds"
"00aa1b52","C:/Monolithsoft/BF2/prog/application/BF2\gf/object/component/pc/plugin/gf_pc_lookat_plugin.h","\"C:/Monolithsoft/BF2/prog/application/BF2\\gf/object/component/pc/plugin/gf_pc_lookat_plugin.h\"","ds"
"00aa1baf","C:/Monolithsoft/BF2/prog/application/BF2\gf/object/component/pc/plugin/gf_pc_target_ik_plugin.h","\"C:/Monolithsoft/BF2/prog/application/BF2\\gf/object/component/pc/plugin/gf_pc_target_ik_plugin.h\"","ds"
"00aa1c0f","C:/Monolithsoft/BF2/prog/application/BF2\gf/object/component/pc/plugin/gf_pc_fall_damage_plugin.h","\"C:/Monolithsoft/BF2/prog/application/BF2\\gf/object/component/pc/plugin/gf_pc_fall_damage_plugin.h\"","ds"
"00aa1c71","C:/Monolithsoft/BF2/prog/application/BF2\gf/object/component/pc/plugin/gf_pc_timer_plugin.h","\"C:/Monolithsoft/BF2/prog/application/BF2\\gf/object/component/pc/plugin/gf_pc_timer_plugin.h\"","ds"
"00aa1ccd","C:/Monolithsoft/BF2/prog/application/BF2\gf/object/component/pc/plugin/gf_pc_slide_plugin.h","\"C:/Monolithsoft/BF2/prog/application/BF2\\gf/object/component/pc/plugin/gf_pc_slide_plugin.h\"","ds"
"00aa1d29","C:/Monolithsoft/BF2/prog/application/BF2\gf/object/component/pc/plugin/gf_pc_attach_plugin.h","\"C:/Monolithsoft/BF2/prog/application/BF2\\gf/object/component/pc/plugin/gf_pc_attach_plugin.h\"","ds"
"00aa1d86","C:/Monolithsoft/BF2/prog/application/BF2\gf/object/component/pc/plugin/gf_pc_col_velocity_plugin.h","\"C:/Monolithsoft/BF2/prog/application/BF2\\gf/object/component/pc/plugin/gf_pc_col_velocity_plugin.h\"","ds"
"00aa1de9","C:/Monolithsoft/BF2/prog/application/BF2\gf/object/component/pc/plugin/gf_pc_terrain_damage_plugin.h","\"C:/Monolithsoft/BF2/prog/application/BF2\\gf/object/component/pc/plugin/gf_pc_terrain_damage_plugin.h\"","ds"
"00aa1e4e","C:/Monolithsoft/BF2/prog/application/BF2\gf/object/component/pc/plugin/gf_pc_fall_distance_plugin.h","\"C:/Monolithsoft/BF2/prog/application/BF2\\gf/object/component/pc/plugin/gf_pc_fall_distance_plugin.h\"","ds"
"00aa1eb2","C:/Monolithsoft/BF2/prog/application/BF2\gf/object/component/pc/plugin/gf_pc_water_in_plugin.h","\"C:/Monolithsoft/BF2/prog/application/BF2\\gf/object/component/pc/plugin/gf_pc_water_in_plugin.h\"","ds"
"00aa1f11","C:/Monolithsoft/BF2/prog/application/BF2\gf/object/component/pc/plugin/gf_pc_dead_col_check_plugin.h","\"C:/Monolithsoft/BF2/prog/application/BF2\\gf/object/component/pc/plugin/gf_pc_dead_col_check_plugin.h\"","ds"
"00aa1f76","C:/Monolithsoft/BF2/prog/application/BF2\gf/object/component/pc/plugin/gf_pc_look_axis_plugin.h","\"C:/Monolithsoft/BF2/prog/application/BF2\\gf/object/component/pc/plugin/gf_pc_look_axis_plugin.h\"","ds"
"00aa1fd6","C:/Monolithsoft/BF2/prog/application/BF2\gf/object/component/pc/plugin/gf_pc_fall_distance_achiev_plugin.h","\"C:/Monolithsoft/BF2/prog/application/BF2\\gf/object/component/pc/plugin/gf_pc_fall_distance_achiev_plugin.h\"","ds"
"00aa290d","C:/Monolithsoft/BF2/prog/application/BF2/gf/object/gf_obj_factory.cpp","\"C:/Monolithsoft/BF2/prog/application/BF2/gf/object/gf_obj_factory.cpp\"","ds"
"00aa295e","C:/Monolithsoft/BF2/prog/application/BF2\framework/object/updatable_object_impl.h","\"C:/Monolithsoft/BF2/prog/application/BF2\\framework/object/updatable_object_impl.h\"","ds"
"00aa29b5","C:/Monolithsoft/BF2/prog/application/BF2\gf/object/component/property/gf_com_property.h","\"C:/Monolithsoft/BF2/prog/application/BF2\\gf/object/component/property/gf_com_property.h\"","ds"
"00aa2abc","C:/Monolithsoft/BF2/prog/application/BF2/gf/object/gf_obj_info.cpp","\"C:/Monolithsoft/BF2/prog/application/BF2/gf/object/gf_obj_info.cpp\"","ds"
"00aa2aff","C:/Monolithsoft/BF2/prog/application/BF2/gf/object/gf_obj_manager.cpp","\"C:/Monolithsoft/BF2/prog/application/BF2/gf/object/gf_obj_manager.cpp\"","ds"
"00aa2b45","C:/Monolithsoft/BF2/prog/application/BF2/gf/object/gf_obj_property.cpp","\"C:/Monolithsoft/BF2/prog/application/BF2/gf/object/gf_obj_property.cpp\"","ds"
"00aa2ba8","C:/Monolithsoft/BF2/prog/application/BF2/gf/object/gf_obj_setup.cpp","\"C:/Monolithsoft/BF2/prog/application/BF2/gf/object/gf_obj_setup.cpp\"","ds"
"00aa2e03","C:/Monolithsoft/BF2/prog/application/BF2/gf/param/enemy/gf_param_enemy.cpp","\"C:/Monolithsoft/BF2/prog/application/BF2/gf/param/enemy/gf_param_enemy.cpp\"","ds"
"00aa3486","C:/Monolithsoft/BF2/prog/application/BF2/gf/param/pccoli/gf_param_pccoli.cpp","\"C:/Monolithsoft/BF2/prog/application/BF2/gf/param/pccoli/gf_param_pccoli.cpp\"","ds"
"00aa3520","C:/Monolithsoft/BF2/prog/application/BF2/gf/request/gf_req_command.cpp","\"C:/Monolithsoft/BF2/prog/application/BF2/gf/request/gf_req_command.cpp\"","ds"
"00aa3567","C:/Monolithsoft/BF2/prog/application/BF2/gf/request/gf_req_manager.cpp","\"C:/Monolithsoft/BF2/prog/application/BF2/gf/request/gf_req_manager.cpp\"","ds"
"00aa35ae","C:/Monolithsoft/BF2/prog/application/BF2/gf/request/gf_req_scom.cpp","\"C:/Monolithsoft/BF2/prog/application/BF2/gf/request/gf_req_scom.cpp\"","ds"
"00aa3d13","C:/Monolithsoft/BF2/prog/application/BF2/gf/script/gf_script_manager.cpp","\"C:/Monolithsoft/BF2/prog/application/BF2/gf/script/gf_script_manager.cpp\"","ds"
"00aa3d5c","C:/Monolithsoft/BF2/prog/application/BF2/gf/sound/gf_sound.cpp","\"C:/Monolithsoft/BF2/prog/application/BF2/gf/sound/gf_sound.cpp\"","ds"
"00aa3e12","C:/Monolithsoft/BF2/prog/application/BF2\gmk/gmk_gob_event_listener_impl.h","\"C:/Monolithsoft/BF2/prog/application/BF2\\gmk/gmk_gob_event_listener_impl.h\"","ds"
"00aa40af","C:/Monolithsoft/BF2/prog/application/BF2\gmk/gmk_enemy/gmk_enemy_impl.h","\"C:/Monolithsoft/BF2/prog/application/BF2\\gmk/gmk_enemy/gmk_enemy_impl.h\"","ds"
"00aa411e","C:/Monolithsoft/BF2/prog/application/BF2\gmk/gmk_npc/gmk_npc_manager_impl.h","\"C:/Monolithsoft/BF2/prog/application/BF2\\gmk/gmk_npc/gmk_npc_manager_impl.h\"","ds"
"00aa4198","C:/Monolithsoft/BF2/prog/application/BF2\gmk/gmk_npc/gmk_routed_npc_impl.h","\"C:/Monolithsoft/BF2/prog/application/BF2\\gmk/gmk_npc/gmk_routed_npc_impl.h\"","ds"
"00aa4365","C:/Monolithsoft/BF2/prog/application/BF2\gmk/gmk_mob/gmk_mob_impl.h","\"C:/Monolithsoft/BF2/prog/application/BF2\\gmk/gmk_mob/gmk_mob_impl.h\"","ds"
"00aa48bd","C:/Monolithsoft/BF2/prog/application/BF2\gmk/gmk_sealed_stone/gmk_sealed_stone_impl.h","\"C:/Monolithsoft/BF2/prog/application/BF2\\gmk/gmk_sealed_stone/gmk_sealed_stone_impl.h\"","ds"
"00aa4b48","C:/Monolithsoft/BF2/prog/application/BF2/libs/movie/cmovie_nx.cpp","\"C:/Monolithsoft/BF2/prog/application/BF2/libs/movie/cmovie_nx.cpp\"","ds"
"00aa545f","C:/Monolithsoft/BF2/prog/application/BF2/main.cpp","\"C:/Monolithsoft/BF2/prog/application/BF2/main.cpp\"","ds"
"00aa5502","C:/MonolithSoft/BF2/romdata/","\"C:/MonolithSoft/BF2/romdata/\"","ds"
"00aa55c2","C:/Monolithsoft/BF2/prog/application/BF2/minigame/tora/minigame_tora.cpp","\"C:/Monolithsoft/BF2/prog/application/BF2/minigame/tora/minigame_tora.cpp\"","ds"
"00aa5c94","C:/Monolithsoft/BF2/prog/application/BF2/plugin/bdat.cpp","\"C:/Monolithsoft/BF2/prog/application/BF2/plugin/bdat.cpp\"","ds"
"00aa6cf8","C:/Monolithsoft/BF2/prog/application/BF2/ui/animation/ui_animation_manager.cpp","\"C:/Monolithsoft/BF2/prog/application/BF2/ui/animation/ui_animation_manager.cpp\"","ds"
"00aa6db0","C:/Monolithsoft/BF2/prog/application/BF2/ui/build_info/ui_build_info_uio.cpp","\"C:/Monolithsoft/BF2/prog/application/BF2/ui/build_info/ui_build_info_uio.cpp\"","ds"
"00aa6f87","C:/Monolithsoft/BF2/prog/application/BF2/ui/ctrl/ui_ctrl_cursor_color.cpp","\"C:/Monolithsoft/BF2/prog/application/BF2/ui/ctrl/ui_ctrl_cursor_color.cpp\"","ds"
"00aa6fd1","C:/Monolithsoft/BF2/prog/application/BF2/ui/ctrl/ui_ctrl_cursor_select.cpp","\"C:/Monolithsoft/BF2/prog/application/BF2/ui/ctrl/ui_ctrl_cursor_select.cpp\"","ds"
"00aa701c","C:/Monolithsoft/BF2/prog/application/BF2/ui/ctrl/ui_ctrl_frame.cpp","\"C:/Monolithsoft/BF2/prog/application/BF2/ui/ctrl/ui_ctrl_frame.cpp\"","ds"
"00aa705f","C:/Monolithsoft/BF2/prog/application/BF2/ui/ctrl/ui_ctrl_radar_graph.cpp","\"C:/Monolithsoft/BF2/prog/application/BF2/ui/ctrl/ui_ctrl_radar_graph.cpp\"","ds"
"00aa70a8","C:/Monolithsoft/BF2/prog/application/BF2/ui/ctrl/ui_ctrl_revolve_select.cpp","\"C:/Monolithsoft/BF2/prog/application/BF2/ui/ctrl/ui_ctrl_revolve_select.cpp\"","ds"
"00aa70f4","C:/Monolithsoft/BF2/prog/application/BF2/ui/ctrl/ui_ctrl_roll.cpp","\"C:/Monolithsoft/BF2/prog/application/BF2/ui/ctrl/ui_ctrl_roll.cpp\"","ds"
"00aa7136","C:/Monolithsoft/BF2/prog/application/BF2/ui/event/ui_event_disp_condition.cpp","\"C:/Monolithsoft/BF2/prog/application/BF2/ui/event/ui_event_disp_condition.cpp\"","ds"
"00aa7184","C:/Monolithsoft/BF2/prog/application/BF2/ui/event/ui_event_manager.cpp","\"C:/Monolithsoft/BF2/prog/application/BF2/ui/event/ui_event_manager.cpp\"","ds"
"00aa71cb","C:/Monolithsoft/BF2/prog/application/BF2/ui/event/ui_event_number_condition.cpp","\"C:/Monolithsoft/BF2/prog/application/BF2/ui/event/ui_event_number_condition.cpp\"","ds"
"00aa721b","C:/Monolithsoft/BF2/prog/application/BF2/ui/event/ui_event_pos_condition.cpp","\"C:/Monolithsoft/BF2/prog/application/BF2/ui/event/ui_event_pos_condition.cpp\"","ds"
"00aa7281","C:/Monolithsoft/BF2/prog/application/BF2/ui/factory/ui_obj_factory.cpp","\"C:/Monolithsoft/BF2/prog/application/BF2/ui/factory/ui_obj_factory.cpp\"","ds"
"00aa7452","C:/Monolithsoft/BF2/prog/application/BF2/ui/font/ui_font_manager.cpp","\"C:/Monolithsoft/BF2/prog/application/BF2/ui/font/ui_font_manager.cpp\"","ds"
"00aa7497","C:/Monolithsoft/BF2/prog/application/BF2/ui/input/ui_input_manager.cpp","\"C:/Monolithsoft/BF2/prog/application/BF2/ui/input/ui_input_manager.cpp\"","ds"
"00aa74de","C:/Monolithsoft/BF2/prog/application/BF2/ui/input/ui_input_pad.cpp","\"C:/Monolithsoft/BF2/prog/application/BF2/ui/input/ui_input_pad.cpp\"","ds"
"00aa7521","C:/Monolithsoft/BF2/prog/application/BF2/ui/input/ui_input_pointer.cpp","\"C:/Monolithsoft/BF2/prog/application/BF2/ui/input/ui_input_pointer.cpp\"","ds"
"00aa7568","C:/Monolithsoft/BF2/prog/application/BF2/ui/input/ui_input_wheel.cpp","\"C:/Monolithsoft/BF2/prog/application/BF2/ui/input/ui_input_wheel.cpp\"","ds"
"00aa75ad","C:/Monolithsoft/BF2/prog/application/BF2/ui/layout/ui_layout_data.cpp","\"C:/Monolithsoft/BF2/prog/application/BF2/ui/layout/ui_layout_data.cpp\"","ds"
"00aa75f3","C:/Monolithsoft/BF2/prog/application/BF2/ui/list/ui_select_obj_list.cpp","\"C:/Monolithsoft/BF2/prog/application/BF2/ui/list/ui_select_obj_list.cpp\"","ds"
"00aa763b","C:/Monolithsoft/BF2/prog/application/BF2/ui/motion/ui_motion_library.cpp","\"C:/Monolithsoft/BF2/prog/application/BF2/ui/motion/ui_motion_library.cpp\"","ds"
"00aa7692","C:/Monolithsoft/BF2/prog/application/BF2/ui/object/ui_image_object.cpp","\"C:/Monolithsoft/BF2/prog/application/BF2/ui/object/ui_image_object.cpp\"","ds"
"00aa76e8","C:/Monolithsoft/BF2/prog/application/BF2/ui/object/ui_layout_object.cpp","\"C:/Monolithsoft/BF2/prog/application/BF2/ui/object/ui_layout_object.cpp\"","ds"
"00aa7740","C:/Monolithsoft/BF2/prog/application/BF2/ui/object/ui_polygon_object.cpp","\"C:/Monolithsoft/BF2/prog/application/BF2/ui/object/ui_polygon_object.cpp\"","ds"
"00aa7798","C:/Monolithsoft/BF2/prog/application/BF2/ui/object/ui_screen_object.cpp","\"C:/Monolithsoft/BF2/prog/application/BF2/ui/object/ui_screen_object.cpp\"","ds"
"00aa77ed","C:/Monolithsoft/BF2/prog/application/BF2/ui/object/ui_text_object.cpp","\"C:/Monolithsoft/BF2/prog/application/BF2/ui/object/ui_text_object.cpp\"","ds"
"00aa7833","C:/Monolithsoft/BF2/prog/application/BF2/ui/particle/ui_particle_emitter.cpp","\"C:/Monolithsoft/BF2/prog/application/BF2/ui/particle/ui_particle_emitter.cpp\"","ds"
"00aa7880","C:/Monolithsoft/BF2/prog/application/BF2/ui/particle/ui_particle_manager.cpp","\"C:/Monolithsoft/BF2/prog/application/BF2/ui/particle/ui_particle_manager.cpp\"","ds"
"00aa78e3","C:/Monolithsoft/BF2/prog/application/BF2/ui/plugin/ui_object_arrange_plugin.cpp","\"C:/Monolithsoft/BF2/prog/application/BF2/ui/plugin/ui_object_arrange_plugin.cpp\"","ds"
"00aa7947","C:/Monolithsoft/BF2/prog/application/BF2/ui/plugin/ui_object_color_plugin.cpp","\"C:/Monolithsoft/BF2/prog/application/BF2/ui/plugin/ui_object_color_plugin.cpp\"","ds"
"00aa79a8","C:/Monolithsoft/BF2/prog/application/BF2/ui/plugin/ui_object_disp_plugin.cpp","\"C:/Monolithsoft/BF2/prog/application/BF2/ui/plugin/ui_object_disp_plugin.cpp\"","ds"
"00aa7a08","C:/Monolithsoft/BF2/prog/application/BF2/ui/plugin/ui_object_dock.plugin.cpp","\"C:/Monolithsoft/BF2/prog/application/BF2/ui/plugin/ui_object_dock.plugin.cpp\"","ds"
"00aa7a67","C:/Monolithsoft/BF2/prog/application/BF2/ui/plugin/ui_object_fit_plugin.cpp","\"C:/Monolithsoft/BF2/prog/application/BF2/ui/plugin/ui_object_fit_plugin.cpp\"","ds"
"00aa7ac8","C:/Monolithsoft/BF2/prog/application/BF2/ui/plugin/ui_object_number_plugin.cpp","\"C:/Monolithsoft/BF2/prog/application/BF2/ui/plugin/ui_object_number_plugin.cpp\"","ds"
"00aa7b30","C:/Monolithsoft/BF2/prog/application/BF2/ui/plugin/ui_object_offset_plugin.cpp","\"C:/Monolithsoft/BF2/prog/application/BF2/ui/plugin/ui_object_offset_plugin.cpp\"","ds"
"00aa7b95","C:/Monolithsoft/BF2/prog/application/BF2/ui/plugin/ui_object_pattern_plugin.cpp","\"C:/Monolithsoft/BF2/prog/application/BF2/ui/plugin/ui_object_pattern_plugin.cpp\"","ds"
"00aa7bf7","C:/Monolithsoft/BF2/prog/application/BF2/ui/plugin/ui_object_pos_plugin.cpp","\"C:/Monolithsoft/BF2/prog/application/BF2/ui/plugin/ui_object_pos_plugin.cpp\"","ds"
"00aa7c5b","C:/Monolithsoft/BF2/prog/application/BF2/ui/plugin/ui_object_scroll_bar_plugin.cpp","\"C:/Monolithsoft/BF2/prog/application/BF2/ui/plugin/ui_object_scroll_bar_plugin.cpp\"","ds"
"00aa7cc1","C:/Monolithsoft/BF2/prog/application/BF2/ui/plugin/ui_object_sync_plugin.cpp","\"C:/Monolithsoft/BF2/prog/application/BF2/ui/plugin/ui_object_sync_plugin.cpp\"","ds"
"00aa7d21","C:/Monolithsoft/BF2/prog/application/BF2/ui/plugin/ui_object_text_plugin.cpp","\"C:/Monolithsoft/BF2/prog/application/BF2/ui/plugin/ui_object_text_plugin.cpp\"","ds"
"00aa7d81","C:/Monolithsoft/BF2/prog/application/BF2/ui/plugin/ui_object_time_plugin.cpp","\"C:/Monolithsoft/BF2/prog/application/BF2/ui/plugin/ui_object_time_plugin.cpp\"","ds"
"00aa7de5","C:/Monolithsoft/BF2/prog/application/BF2/ui/plugin/ui_object_world_pos_plugin.cpp","\"C:/Monolithsoft/BF2/prog/application/BF2/ui/plugin/ui_object_world_pos_plugin.cpp\"","ds"
"00aa7e7e","C:/Monolithsoft/BF2/prog/application/BF2/ui/stream/ui_stream_manager.cpp","\"C:/Monolithsoft/BF2/prog/application/BF2/ui/stream/ui_stream_manager.cpp\"","ds"
"00aa7ee1","C:/Monolithsoft/BF2/prog/application/BF2/ui/text/ui_text_file.cpp","\"C:/Monolithsoft/BF2/prog/application/BF2/ui/text/ui_text_file.cpp\"","ds"
"00aa7f23","C:/Monolithsoft/BF2/prog/application/BF2/ui/timer/ui_timer_manager.cpp","\"C:/Monolithsoft/BF2/prog/application/BF2/ui/timer/ui_timer_manager.cpp\"","ds"
"00aa7f6a","C:/Monolithsoft/BF2/prog/application/BF2/ui/ui_displayinfo.cpp","\"C:/Monolithsoft/BF2/prog/application/BF2/ui/ui_displayinfo.cpp\"","ds"
"00aa7fa9","C:/Monolithsoft/BF2/prog/application/BF2/ui/ui_group.cpp","\"C:/Monolithsoft/BF2/prog/application/BF2/ui/ui_group.cpp\"","ds"
"00aa7fe2","C:/Monolithsoft/BF2/prog/application/BF2/ui/ui_manager.cpp","\"C:/Monolithsoft/BF2/prog/application/BF2/ui/ui_manager.cpp\"","ds"
"00aa8044","C:/Monolithsoft/BF2/prog/application/BF2/ui/ui_resource.cpp","\"C:/Monolithsoft/BF2/prog/application/BF2/ui/ui_resource.cpp\"","ds"
"00aa828a","C:/MonolithSoft/BF2/prog/libs/mcl/mm_lib/source/mm_base/mm_base.cpp","\"C:/MonolithSoft/BF2/prog/libs/mcl/mm_lib/source/mm_base/mm_base.cpp\"","ds"
"00aa830c","C:/MonolithSoft/BF2/prog/libs/mcl/mm_lib/source/mm_mtl/intrusive_list.cpp","\"C:/MonolithSoft/BF2/prog/libs/mcl/mm_lib/source/mm_mtl/intrusive_list.cpp\"","ds"
"00aa8367","C:/MonolithSoft/BF2/prog/libs/mcl/mm_lib/source/mm_mtl/reserved_bitflag.cpp","\"C:/MonolithSoft/BF2/prog/libs/mcl/mm_lib/source/mm_mtl/reserved_bitflag.cpp\"","ds"
"00aa844d","C:/Monolithsoft/BF2/prog/libs/monolib_mm/proj/windows/../../source\device/nx/dev_setting_nx.cpp","\"C:/Monolithsoft/BF2/prog/libs/monolib_mm/proj/windows/../../source\\device/nx/dev_setting_nx.cpp\"","ds"
"00aa8534","C:/MonolithSoft/BF2/romdata/nx","\"C:/MonolithSoft/BF2/romdata/nx\"","ds"
"00aa855d","C:/Monolithsoft/BF2/prog/libs/monolib_mm/proj/windows/../../source\device/nx/th_dev_file_nx.cpp","\"C:/Monolithsoft/BF2/prog/libs/monolib_mm/proj/windows/../../source\\device/nx/th_dev_file_nx.cpp\"","ds"
"00aa8648","C:/Monolithsoft/BF2/prog/libs/monolib_mm/proj/windows/../../../MCL/mm_lib/source\mm_math/mm_mat44.h","\"C:/Monolithsoft/BF2/prog/libs/monolib_mm/proj/windows/../../../MCL/mm_lib/source\\mm_math/mm_mat44.h\"","ds"
"00aa86ac","C:/Monolithsoft/BF2/prog/libs/monolib_mm/proj/windows/../../../MCL/mm_lib/source\mm_mtl/fixstr.h","\"C:/Monolithsoft/BF2/prog/libs/monolib_mm/proj/windows/../../../MCL/mm_lib/source\\mm_mtl/fixstr.h\"","ds"
"00aa8729","C:/Monolithsoft/BF2/prog/libs/monolib_mm/proj/windows/../../../MCL/mm_lib/source\mm_math/mm_sphere.h","\"C:/Monolithsoft/BF2/prog/libs/monolib_mm/proj/windows/../../../MCL/mm_lib/source\\mm_math/mm_sphere.h\"","ds"
"00aa878e","C:/Monolithsoft/BF2/prog/libs/monolib_mm/proj/windows/../../../MCL/mm_lib/source\mm_mtl/fixed_queue.h","\"C:/Monolithsoft/BF2/prog/libs/monolib_mm/proj/windows/../../../MCL/mm_lib/source\\mm_mtl/fixed_queue.h\"","ds"
"00aa87f4","C:/Monolithsoft/BF2/prog/libs/monolib_mm/proj/windows/../../../MCL/mm_lib/source\mm_math/mm_math.h","\"C:/Monolithsoft/BF2/prog/libs/monolib_mm/proj/windows/../../../MCL/mm_lib/source\\mm_math/mm_math.h\"","ds"
"00aa8857","C:/Monolithsoft/BF2/prog/libs/monolib_mm/proj/windows/../../../MCL/mm_lib/source\mm_mtl/singleton.h","\"C:/Monolithsoft/BF2/prog/libs/monolib_mm/proj/windows/../../../MCL/mm_lib/source\\mm_mtl/singleton.h\"","ds"
"00aa88bb","C:/Monolithsoft/BF2/prog/libs/monolib_mm/proj/windows/../../../MCL/mm_lib/source\mm_mtl/reference_object.h","\"C:/Monolithsoft/BF2/prog/libs/monolib_mm/proj/windows/../../../MCL/mm_lib/source\\mm_mtl/reference_object.h\"","ds"
"00aa892e","C:/Monolithsoft/BF2/prog/libs/monolib_mm/proj/windows/../../../MCL/mm_lib/source\mm_mtl/fixed_vector.h","\"C:/Monolithsoft/BF2/prog/libs/monolib_mm/proj/windows/../../../MCL/mm_lib/source\\mm_mtl/fixed_vector.h\"","ds"
"00aa8995","C:/Monolithsoft/BF2/prog/libs/monolib_mm/proj/windows/../../../MCL/mm_lib/source\mm_mtl/fixed_list.h","\"C:/Monolithsoft/BF2/prog/libs/monolib_mm/proj/windows/../../../MCL/mm_lib/source\\mm_mtl/fixed_list.h\"","ds"
"00aa89fa","C:/Monolithsoft/BF2/prog/libs/monolib_mm/proj/windows/../../../MCL/mm_lib/source\mm_mtl/unique_ptr.h","\"C:/Monolithsoft/BF2/prog/libs/monolib_mm/proj/windows/../../../MCL/mm_lib/source\\mm_mtl/unique_ptr.h\"","ds"
"00aa8a5f","C:/Monolithsoft/BF2/prog/libs/monolib_mm/proj/windows/../../../MCL/mm_lib/source\mm_mtl/internal/fixed_object_allocator.h","\"C:/Monolithsoft/BF2/prog/libs/monolib_mm/proj/windows/../../../MCL/mm_lib/source\\mm_mtl/internal/fixed_object_allocator.h\"","ds"
"00aa8ad9","C:/Monolithsoft/BF2/prog/libs/monolib_mm/proj/windows/../../../MCL/mm_lib/source\mm_mtl/bitflag.h","\"C:/Monolithsoft/BF2/prog/libs/monolib_mm/proj/windows/../../../MCL/mm_lib/source\\mm_mtl/bitflag.h\"","ds"
"00aa8b3b","C:/Monolithsoft/BF2/prog/libs/monolib_mm/proj/windows/../../../MCL/mm_lib/source\mm_mtl/algorithm.h","\"C:/Monolithsoft/BF2/prog/libs/monolib_mm/proj/windows/../../../MCL/mm_lib/source\\mm_mtl/algorithm.h\"","ds"
"00aa8b9f","C:/Monolithsoft/BF2/prog/libs/monolib_mm/proj/windows/../../../MCL/mm_lib/source\mm_mtl/vector.h","\"C:/Monolithsoft/BF2/prog/libs/monolib_mm/proj/windows/../../../MCL/mm_lib/source\\mm_mtl/vector.h\"","ds"
"00aa8c25","C:/Monolithsoft/BF2/prog/libs/monolib_mm/proj/windows/../../../MCL/mm_lib/source\mm_math/mm_vec3.h","\"C:/Monolithsoft/BF2/prog/libs/monolib_mm/proj/windows/../../../MCL/mm_lib/source\\mm_math/mm_vec3.h\"","ds"
"00aa8c9c","C:/Monolithsoft/BF2/prog/libs/monolib_mm/proj/windows/../../../MCL/mm_lib/source\mm_math/mm_vec3_dbl.h","\"C:/Monolithsoft/BF2/prog/libs/monolib_mm/proj/windows/../../../MCL/mm_lib/source\\mm_math/mm_vec3_dbl.h\"","ds"
"00aa8d1a","C:/Monolithsoft/BF2/prog/libs/monolib_mm/source/util/ml_misc.cpp","\"C:/Monolithsoft/BF2/prog/libs/monolib_mm/source/util/ml_misc.cpp\"","ds"
"00aa9060","C:/Monolithsoft/BF2/prog/libs/monolib_mm/source/work/work_cpu.cpp","\"C:/Monolithsoft/BF2/prog/libs/monolib_mm/source/work/work_cpu.cpp\"","ds"
"00aa9114","C:/Monolithsoft/BF2/prog/libs/monolib_mm/proj/windows/../../source\mtl/dlmalloc.inl","\"C:/Monolithsoft/BF2/prog/libs/monolib_mm/proj/windows/../../source\\mtl/dlmalloc.inl\"","ds"
"00aa9278","C:/Monolithsoft/BF2/prog/libs/monolib_mm/source/mtl/mtl_mem_manager.cpp","\"C:/Monolithsoft/BF2/prog/libs/monolib_mm/source/mtl/mtl_mem_manager.cpp\"","ds"
"00aa940b","C:/Monolithsoft/BF2/prog/libs/monolib_mm/proj/windows/../../../MCL/mm_lib/source\mm_mtl/intrusive_list.h","\"C:/Monolithsoft/BF2/prog/libs/monolib_mm/proj/windows/../../../MCL/mm_lib/source\\mm_mtl/intrusive_list.h\"","ds"
"00aa9487","C:/Monolithsoft/BF2/prog/libs/monolib_mm/source/vm/yvm2.c","\"C:/Monolithsoft/BF2/prog/libs/monolib_mm/source/vm/yvm2.c\"","ds"
"00aa9b3a","C:/Monolithsoft/BF2/prog/libs/monolib_mm/source/device/font/font.cpp","\"C:/Monolithsoft/BF2/prog/libs/monolib_mm/source/device/font/font.cpp\"","ds"
"00aa9be9","C:/Monolithsoft/BF2/prog/libs/grlib/proj/windows/../../../mcl/mm_lib/source\mm_mtl/singleton.h","\"C:/Monolithsoft/BF2/prog/libs/grlib/proj/windows/../../../mcl/mm_lib/source\\mm_mtl/singleton.h\"","ds"
"00aa9cc9","C:/Monolithsoft/BF2/prog/libs/xbrd/proj/windows/../../../mcl/mm_lib/source\mm_mtl/singleton.h","\"C:/Monolithsoft/BF2/prog/libs/xbrd/proj/windows/../../../mcl/mm_lib/source\\mm_mtl/singleton.h\"","ds"
"00aa9e29","C:/Monolithsoft/BF2/prog/libs/xbrd/proj/windows/../../../mcl/mm_lib/source\mm_math/mm_mat44.h","\"C:/Monolithsoft/BF2/prog/libs/xbrd/proj/windows/../../../mcl/mm_lib/source\\mm_math/mm_mat44.h\"","ds"
"00aa9ea8","C:/Monolithsoft/BF2/prog/libs/xbrd/proj/windows/../../../mcl/mm_lib/source\mm_math/mm_mat44_dbl.h","\"C:/Monolithsoft/BF2/prog/libs/xbrd/proj/windows/../../../mcl/mm_lib/source\\mm_math/mm_mat44_dbl.h\"","ds"
"00aab121","C:/Monolithsoft/BF2/prog/libs/xbrd/proj/windows/../../../mcl/mm_lib/source\mm_math/mm_math.h","\"C:/Monolithsoft/BF2/prog/libs/xbrd/proj/windows/../../../mcl/mm_lib/source\\mm_math/mm_math.h\"","ds"
"00aab17e","C:/Monolithsoft/BF2/prog/libs/xbrd/proj/windows/../../../mcl/mm_lib/source\mm_mtl/fixstr.h","\"C:/Monolithsoft/BF2/prog/libs/xbrd/proj/windows/../../../mcl/mm_lib/source\\mm_mtl/fixstr.h\"","ds"
"00aab1d9","C:/Monolithsoft/BF2/prog/libs/xbrd/proj/windows/../../../mcl/mm_lib/source\mm_mtl/vector.h","\"C:/Monolithsoft/BF2/prog/libs/xbrd/proj/windows/../../../mcl/mm_lib/source\\mm_mtl/vector.h\"","ds"
"00aab234","C:/Monolithsoft/BF2/prog/libs/xbrd/proj/windows/../../../mcl/mm_lib/source\mm_mtl/algorithm.h","\"C:/Monolithsoft/BF2/prog/libs/xbrd/proj/windows/../../../mcl/mm_lib/source\\mm_mtl/algorithm.h\"","ds"
"00aab29f","C:/Monolithsoft/BF2/prog/libs/xbrd/proj/windows/../../../mcl/mm_lib/source\mm_mtl/fixed_list.h","\"C:/Monolithsoft/BF2/prog/libs/xbrd/proj/windows/../../../mcl/mm_lib/source\\mm_mtl/fixed_list.h\"","ds"
"00aab356","C:/Monolithsoft/BF2/prog/libs/xbrd/proj/windows/../../../mcl/mm_lib/source\mm_mtl/fixed_vector.h","\"C:/Monolithsoft/BF2/prog/libs/xbrd/proj/windows/../../../mcl/mm_lib/source\\mm_mtl/fixed_vector.h\"","ds"
"00aabad6","C:/Monolithsoft/BF2/prog/libs/xbrd/proj/windows/../../../mcl/mm_lib/source\mm_math/mm_vec3_dbl.h","\"C:/Monolithsoft/BF2/prog/libs/xbrd/proj/windows/../../../mcl/mm_lib/source\\mm_math/mm_vec3_dbl.h\"","ds"
"00aabb8b","C:/Monolithsoft/BF2/prog/libs/xbrd/proj/windows/../../../mcl/mm_lib/source\mm_math/mm_col3.h","\"C:/Monolithsoft/BF2/prog/libs/xbrd/proj/windows/../../../mcl/mm_lib/source\\mm_math/mm_col3.h\"","ds"
"00aac009","C:/Monolithsoft/BF2/prog/libs/xbrd/proj/windows/../../../mcl/mm_lib/source\mm_mtl/fixed_queue.h","\"C:/Monolithsoft/BF2/prog/libs/xbrd/proj/windows/../../../mcl/mm_lib/source\\mm_mtl/fixed_queue.h\"","ds"
"00aac3b1","C:/Monolithsoft/BF2/prog/libs/idcoli/proj/windows/../../../mcl/mm_lib/source\mm_mtl/singleton.h","\"C:/Monolithsoft/BF2/prog/libs/idcoli/proj/windows/../../../mcl/mm_lib/source\\mm_mtl/singleton.h\"","ds"
"00aac411","C:/Monolithsoft/BF2/prog/libs/idcoli/proj/windows/../../../mcl/mm_lib/source\mm_math/mm_mat44.h","\"C:/Monolithsoft/BF2/prog/libs/idcoli/proj/windows/../../../mcl/mm_lib/source\\mm_math/mm_mat44.h\"","ds"
"00aac47b","C:/Monolithsoft/BF2/prog/libs/navi/proj/windows/../../../mcl/mm_lib/source\mm_mtl/singleton.h","\"C:/Monolithsoft/BF2/prog/libs/navi/proj/windows/../../../mcl/mm_lib/source\\mm_mtl/singleton.h\"","ds"
"00aac4d9","C:/Monolithsoft/BF2/prog/libs/navi/proj/windows/../../../mcl/mm_lib/source\mm_mtl/fixstr.h","\"C:/Monolithsoft/BF2/prog/libs/navi/proj/windows/../../../mcl/mm_lib/source\\mm_mtl/fixstr.h\"","ds"
"00aac559","C:/Monolithsoft/BF2/prog/libs/layer/proj/windows/../../../mcl/mm_lib/source\mm_mtl/singleton.h","\"C:/Monolithsoft/BF2/prog/libs/layer/proj/windows/../../../mcl/mm_lib/source\\mm_mtl/singleton.h\"","ds"
"00aac5b8","C:/Monolithsoft/BF2/prog/libs/layer/proj/windows/../../../mcl/mm_lib/source\mm_mtl/fixstr.h","\"C:/Monolithsoft/BF2/prog/libs/layer/proj/windows/../../../mcl/mm_lib/source\\mm_mtl/fixstr.h\"","ds"
"00aac72e","C:/Monolithsoft/BF2/prog/libs/layer/proj/windows/../../../mcl/mm_lib/source\mm_mtl/vector.h","\"C:/Monolithsoft/BF2/prog/libs/layer/proj/windows/../../../mcl/mm_lib/source\\mm_mtl/vector.h\"","ds"
"00aac793","C:/Monolithsoft/BF2/prog/libs/eflib/source/eflib/effect_update_manager.cpp","\"C:/Monolithsoft/BF2/prog/libs/eflib/source/eflib/effect_update_manager.cpp\"","ds"
"00aac8a7","C:/Monolithsoft/BF2/prog/libs/eflib/proj/windows/../../../mcl/mm_lib/source\mm_mtl/fixed_vector.h","\"C:/Monolithsoft/BF2/prog/libs/eflib/proj/windows/../../../mcl/mm_lib/source\\mm_mtl/fixed_vector.h\"","ds"
"00aac99d","C:/Monolithsoft/BF2/prog/libs/eflib/proj/windows/../../../eflib/source\ptlib/emitter/particle_emitter.cpp","\"C:/Monolithsoft/BF2/prog/libs/eflib/proj/windows/../../../eflib/source\\ptlib/emitter/particle_emitter.cpp\"","ds"
"00aaca53","C:/Monolithsoft/BF2/prog/libs/eflib/proj/windows/../../../eflib/source\ptlib/emitter/particle_emitter_manager.cpp","\"C:/Monolithsoft/BF2/prog/libs/eflib/proj/windows/../../../eflib/source\\ptlib/emitter/particle_emitter_manager.cpp\"","ds"
"00aacc0c","C:/Monolithsoft/BF2/prog/libs/eflib/proj/windows/../../../eflib/source\ptlib/emitter/compute/particle_emitter_compute_impl.h","\"C:/Monolithsoft/BF2/prog/libs/eflib/proj/windows/../../../eflib/source\\ptlib/emitter/compute/particle_emitter_compute_impl.h\"","ds"
"00aacc9e","C:/Monolithsoft/BF2/prog/libs/eflib/proj/windows/../../../mcl/mm_lib/source\mm_math/mm_mat44.h","\"C:/Monolithsoft/BF2/prog/libs/eflib/proj/windows/../../../mcl/mm_lib/source\\mm_math/mm_mat44.h\"","ds"
"00aaccfd","C:/Monolithsoft/BF2/prog/libs/eflib/proj/windows/../../../mcl/mm_lib/source\mm_math/mm_math.h","\"C:/Monolithsoft/BF2/prog/libs/eflib/proj/windows/../../../mcl/mm_lib/source\\mm_math/mm_math.h\"","ds"
"00aacd72","C:/Monolithsoft/BF2/prog/libs/eflib/proj/windows/../../../mcl/mm_lib/source\mm_math/mm_quat.h","\"C:/Monolithsoft/BF2/prog/libs/eflib/proj/windows/../../../mcl/mm_lib/source\\mm_math/mm_quat.h\"","ds"
"00aacdd0","C:/Monolithsoft/BF2/prog/libs/eflib/proj/windows/../../../eflib/source\ptlib/particle_intrusive_list.h","\"C:/Monolithsoft/BF2/prog/libs/eflib/proj/windows/../../../eflib/source\\ptlib/particle_intrusive_list.h\"","ds"
"00aace37","C:/Monolithsoft/BF2/prog/libs/eflib/source/ptlib/material/particle_material_manager.cpp","\"C:/Monolithsoft/BF2/prog/libs/eflib/source/ptlib/material/particle_material_manager.cpp\"","ds"
"00aacef0","C:/Monolithsoft/BF2/prog/libs/eflib/source/ptlib/memory/particle_heap_allocater.cpp","\"C:/Monolithsoft/BF2/prog/libs/eflib/source/ptlib/memory/particle_heap_allocater.cpp\"","ds"
"00aad025","C:/Monolithsoft/BF2/prog/libs/eflib/proj/windows/../../../mcl/mm_lib/source\mm_mtl/fixstr.h","\"C:/Monolithsoft/BF2/prog/libs/eflib/proj/windows/../../../mcl/mm_lib/source\\mm_mtl/fixstr.h\"","ds"
"00aad093","C:/Monolithsoft/BF2/prog/libs/eflib/source/ptlib/memory/particle_stack_allocater.cpp","\"C:/Monolithsoft/BF2/prog/libs/eflib/source/ptlib/memory/particle_stack_allocater.cpp\"","ds"
"00aad0f5","C:/Monolithsoft/BF2/prog/libs/eflib/proj/windows/../../../eflib/source\ptlib/particle_system.cpp","\"C:/Monolithsoft/BF2/prog/libs/eflib/proj/windows/../../../eflib/source\\ptlib/particle_system.cpp\"","ds"
"00aad1ad","C:/Monolithsoft/BF2/prog/libs/eflib/proj/windows/../../../eflib/source\ptlib/particle_hash.cpp","\"C:/Monolithsoft/BF2/prog/libs/eflib/proj/windows/../../../eflib/source\\ptlib/particle_hash.cpp\"","ds"
"00aad261","C:/Monolithsoft/BF2/prog/libs/eflib/proj/windows/../../../eflib/source\ptlib/particle_intrusive_list.cpp","\"C:/Monolithsoft/BF2/prog/libs/eflib/proj/windows/../../../eflib/source\\ptlib/particle_intrusive_list.cpp\"","ds"
"00aad2ca","C:/Monolithsoft/BF2/prog/libs/eflib/proj/windows/../../../eflib/source\ptlib/forcefield/particle_force_field.cpp","\"C:/Monolithsoft/BF2/prog/libs/eflib/proj/windows/../../../eflib/source\\ptlib/forcefield/particle_force_field.cpp\"","ds"
"00aad33b","C:/Monolithsoft/BF2/prog/libs/eflib/source/ptlib/renderer/screen_render_manager.cpp","\"C:/Monolithsoft/BF2/prog/libs/eflib/source/ptlib/renderer/screen_render_manager.cpp\"","ds"
"00aad3c8","C:/Monolithsoft/BF2/prog/libs/eflib/proj/windows/../../../eflib/source\ptlib/renderer/particle_renderer_manager.cpp","\"C:/Monolithsoft/BF2/prog/libs/eflib/proj/windows/../../../eflib/source\\ptlib/renderer/particle_renderer_manager.cpp\"","ds"
"00aad55a","C:/Monolithsoft/BF2/prog/libs/eflib/proj/windows/../../../eflib/source\ptlib/renderer/particle_renderer_obj.cpp","\"C:/Monolithsoft/BF2/prog/libs/eflib/proj/windows/../../../eflib/source\\ptlib/renderer/particle_renderer_obj.cpp\"","ds"
"00aad610","C:/Monolithsoft/BF2/prog/libs/eflib/source/ptlib/renderer/particle_renderer_stream.cpp","\"C:/Monolithsoft/BF2/prog/libs/eflib/source/ptlib/renderer/particle_renderer_stream.cpp\"","ds"
"00aad66f","C:/Monolithsoft/BF2/prog/libs/eflib/source/ptlib/renderer/particle_renderer_stream_kizuna.cpp","\"C:/Monolithsoft/BF2/prog/libs/eflib/source/ptlib/renderer/particle_renderer_stream_kizuna.cpp\"","ds"
"00aad6cd","C:/Monolithsoft/BF2/prog/libs/eflib/source/ptlib/emitter/compute/particle_emitter_compute_uniform.cpp","\"C:/Monolithsoft/BF2/prog/libs/eflib/source/ptlib/emitter/compute/particle_emitter_compute_uniform.cpp\"","ds"
"00aad744","C:/Monolithsoft/BF2/prog/libs/aiLib/src/ailib/behavior/ai_behavior_tree.cpp","\"C:/Monolithsoft/BF2/prog/libs/aiLib/src/ailib/behavior/ai_behavior_tree.cpp\"","ds"
"00aad898","C:/Monolithsoft/BF2/prog/libs/aiLib/src/ailib/behavior/node/ai_behavior_decorator.cpp","\"C:/Monolithsoft/BF2/prog/libs/aiLib/src/ailib/behavior/node/ai_behavior_decorator.cpp\"","ds"
"00aad972","C:/Monolithsoft/BF2/prog/libs/aiLib/src/ailib/behavior/node/ai_behavior_root_node.cpp","\"C:/Monolithsoft/BF2/prog/libs/aiLib/src/ailib/behavior/node/ai_behavior_root_node.cpp\"","ds"
"00aada2b","C:/Monolithsoft/BF2/prog/libs/aiLib/src/ailib/behavior/node/composite/ai_behavior_composite_node.cpp","\"C:/Monolithsoft/BF2/prog/libs/aiLib/src/ailib/behavior/node/composite/ai_behavior_composite_node.cpp\"","ds"
"00aadb02","C:/Monolithsoft/BF2/prog/libs/aiLib/src/ailib/state/ai_state_fsm.cpp","\"C:/Monolithsoft/BF2/prog/libs/aiLib/src/ailib/state/ai_state_fsm.cpp\"","ds"
"00aadbb4","C:/Monolithsoft/BF2/prog/libs/aiLib/src/ailib/state/ai_state_hfsm.cpp","\"C:/Monolithsoft/BF2/prog/libs/aiLib/src/ailib/state/ai_state_hfsm.cpp\"","ds"
"00aadc8d","C:/Monolithsoft/BF2/prog/libs/anmlib/src/anmlib/anm_factory.cpp","\"C:/Monolithsoft/BF2/prog/libs/anmlib/src/anmlib/anm_factory.cpp\"","ds"
"00aadd71","C:/Monolithsoft/BF2/prog/libs/anmlib/src/anmlib/anm_util.cpp","\"C:/Monolithsoft/BF2/prog/libs/anmlib/src/anmlib/anm_util.cpp\"","ds"
"00aadf0e","C:/Monolithsoft/BF2/prog/libs/anmlib/src/anmlib/base/anm_thread_pool.cpp","\"C:/Monolithsoft/BF2/prog/libs/anmlib/src/anmlib/base/anm_thread_pool.cpp\"","ds"
"00aae00c","C:/Monolithsoft/BF2/prog/libs/anmlib/src/anmlib/ik/footplacement/anm_foot_placement_ik_solver.cpp","\"C:/Monolithsoft/BF2/prog/libs/anmlib/src/anmlib/ik/footplacement/anm_foot_placement_ik_solver.cpp\"","ds"
"00aae58c","C:/Monolithsoft/BF2/prog/libs/anmlib/src/anmlib/ik/lookat/anm_look_at_ik_solver.cpp","\"C:/Monolithsoft/BF2/prog/libs/anmlib/src/anmlib/ik/lookat/anm_look_at_ik_solver.cpp\"","ds"
"00aae75c","C:/Monolithsoft/BF2/prog/libs/anmlib/src/anmlib/ik/sphericalcoordinates/anm_spherical_coordinates_ik_solver.cpp","\"C:/Monolithsoft/BF2/prog/libs/anmlib/src/anmlib/ik/sphericalcoordinates/anm_spherical_coordinates_ik_solver.cpp\"","ds"
"00aae7f5","C:/Monolithsoft/BF2/prog/libs/anmlib/src/anmlib/ik/twojoint/anm_two_joint_ik_solver.cpp","\"C:/Monolithsoft/BF2/prog/libs/anmlib/src/anmlib/ik/twojoint/anm_two_joint_ik_solver.cpp\"","ds"
"00aae859","C:/Monolithsoft/BF2/prog/libs/anmlib/src/anmlib/playback/anm_blender.cpp","\"C:/Monolithsoft/BF2/prog/libs/anmlib/src/anmlib/playback/anm_blender.cpp\"","ds"
"00aae8ab","C:/Monolithsoft/BF2/prog/libs/anmlib/src/anmlib/playback/anm_control.cpp","\"C:/Monolithsoft/BF2/prog/libs/anmlib/src/anmlib/playback/anm_control.cpp\"","ds"
"00aae928","C:/Monolithsoft/BF2/prog/libs/anmlib/src/anmlib/rig/anm_pose.cpp","\"C:/Monolithsoft/BF2/prog/libs/anmlib/src/anmlib/rig/anm_pose.cpp\"","ds"
"00aaeb73","C:/Monolithsoft/BF2/prog/libs/anmlib/src/anmlib/statemachine/playback/anm_asm_blender.cpp","\"C:/Monolithsoft/BF2/prog/libs/anmlib/src/anmlib/statemachine/playback/anm_asm_blender.cpp\"","ds"
"00aaec0f","C:/Monolithsoft/BF2/prog/libs/anmlib/src/anmlib/statemachine/playback/anm_asm_variable.cpp","\"C:/Monolithsoft/BF2/prog/libs/anmlib/src/anmlib/statemachine/playback/anm_asm_variable.cpp\"","ds"
"00aaec85","C:/Monolithsoft/BF2/prog/libs/anmlib/src/anmlib/statemachine/playback/anm_state_machine.cpp","\"C:/Monolithsoft/BF2/prog/libs/anmlib/src/anmlib/statemachine/playback/anm_state_machine.cpp\"","ds"
"00aaed40","C:/Monolithsoft/BF2/prog/libs/anmlib/src/anmlib/statemachine/resource/anm_res_clip_data.cpp","\"C:/Monolithsoft/BF2/prog/libs/anmlib/src/anmlib/statemachine/resource/anm_res_clip_data.cpp\"","ds"
"00aaedb3","C:/Monolithsoft/BF2/prog/libs/anmlib/src/anmlib/statemachine/resource/anm_res_state_data.cpp","\"C:/Monolithsoft/BF2/prog/libs/anmlib/src/anmlib/statemachine/resource/anm_res_state_data.cpp\"","ds"
"00aaee1e","C:/Monolithsoft/BF2/prog/libs/anmlib/src/anmlib/animation/anm_cubic_animation.cpp","\"C:/Monolithsoft/BF2/prog/libs/anmlib/src/anmlib/animation/anm_cubic_animation.cpp\"","ds"
"00aaee70","C:/Monolithsoft/BF2/prog/libs/anmlib/src/anmlib/animation/anm_locomotion.cpp","\"C:/Monolithsoft/BF2/prog/libs/anmlib/src/anmlib/animation/anm_locomotion.cpp\"","ds"
"00aaef18","C:/Monolithsoft/BF2/prog/libs/anmlib/src/anmlib/animation/anm_simple_retarget_animation.cpp","\"C:/Monolithsoft/BF2/prog/libs/anmlib/src/anmlib/animation/anm_simple_retarget_animation.cpp\"","ds"
"00aaef8a","C:/Monolithsoft/BF2/prog/libs/anmlib/src/anmlib/base/anm_blend_util.cpp","\"C:/Monolithsoft/BF2/prog/libs/anmlib/src/anmlib/base/anm_blend_util.cpp\"","ds"
"00aaefd7","C:/Monolithsoft/BF2/prog/libs/anmlib/src/anmlib/base/anm_coordinate_util.cpp","\"C:/Monolithsoft/BF2/prog/libs/anmlib/src/anmlib/base/anm_coordinate_util.cpp\"","ds"
"00aaf024","C:/Monolithsoft/BF2/prog/libs/anmlib/src/anmlib/extra/anm_cubic_extra_truck.cpp","\"C:/Monolithsoft/BF2/prog/libs/anmlib/src/anmlib/extra/anm_cubic_extra_truck.cpp\"","ds"
"00aaf074","C:/Monolithsoft/BF2/prog/libs/anmlib/src/anmlib/extra/anm_uncompress_extra_truck.cpp","\"C:/Monolithsoft/BF2/prog/libs/anmlib/src/anmlib/extra/anm_uncompress_extra_truck.cpp\"","ds"
"00aaf0e1","C:/Monolithsoft/BF2/prog/libs/anmlib/src/anmlib/statemachine/playback/anm_asm_callback_detector.cpp","\"C:/Monolithsoft/BF2/prog/libs/anmlib/src/anmlib/statemachine/playback/anm_asm_callback_detector.cpp\"","ds"
"00aaf16c","C:/Monolithsoft/BF2/prog/libs/anmlib/src/anmlib/statemachine/playback/anm_asm_lerp_add_blend.cpp","\"C:/Monolithsoft/BF2/prog/libs/anmlib/src/anmlib/statemachine/playback/anm_asm_lerp_add_blend.cpp\"","ds"
"00aaf1cd","C:/Monolithsoft/BF2/prog/libs/anmlib/src/anmlib/statemachine/playback/anm_asm_lerp_blend.cpp","\"C:/Monolithsoft/BF2/prog/libs/anmlib/src/anmlib/statemachine/playback/anm_asm_lerp_blend.cpp\"","ds"
"00aaf22a","C:/Monolithsoft/BF2/prog/libs/anmlib/src/anmlib/statemachine/playback/anm_asm_speed_lerp_blend.cpp","\"C:/Monolithsoft/BF2/prog/libs/anmlib/src/anmlib/statemachine/playback/anm_asm_speed_lerp_blend.cpp\"","ds"
"00aaf2dd","C:/Monolithsoft/BF2/prog/libs/skdlib/src/skdlib/skd_dynamics.cpp","\"C:/Monolithsoft/BF2/prog/libs/skdlib/src/skdlib/skd_dynamics.cpp\"","ds"
"00aaf395","C:/Monolithsoft/BF2/prog/libs/skdlib/src/skdlib/composite/skd_solver.cpp","\"C:/Monolithsoft/BF2/prog/libs/skdlib/src/skdlib/composite/skd_solver.cpp\"","ds"
"00aaf4f1","C:/Monolithsoft/BF2/prog/libs/skdlib/src/skdlib/composite/skd_calc_util.cpp","\"C:/Monolithsoft/BF2/prog/libs/skdlib/src/skdlib/composite/skd_calc_util.cpp\"","ds"
"00aaf5f3","C:/Monolithsoft/BF2/prog/libs/wndlib/src/wndlib/broadphaze/wnd_broad_phaze_octree.cpp","\"C:/Monolithsoft/BF2/prog/libs/wndlib/src/wndlib/broadphaze/wnd_broad_phaze_octree.cpp\"","ds"
"00aaf78f","C:/Monolithsoft/BF2/prog/libs/wndlib/src/wndlib/composite/wnd_area.cpp","\"C:/Monolithsoft/BF2/prog/libs/wndlib/src/wndlib/composite/wnd_area.cpp\"","ds"
"00aaf7e2","C:/Monolithsoft/BF2/prog/libs/wndlib/src/wndlib/composite/wnd_dispatcher.cpp","\"C:/Monolithsoft/BF2/prog/libs/wndlib/src/wndlib/composite/wnd_dispatcher.cpp\"","ds"
"00aaf847","C:/Monolithsoft/BF2/prog/libs/wndlib/src/wndlib/composite/wnd_global_wind_manager.cpp","\"C:/Monolithsoft/BF2/prog/libs/wndlib/src/wndlib/composite/wnd_global_wind_manager.cpp\"","ds"
"00aaf8d3","C:/Monolithsoft/BF2/prog/libs/wndlib/src/wndlib/wind/wnd_area_wind.cpp","\"C:/Monolithsoft/BF2/prog/libs/wndlib/src/wndlib/wind/wnd_area_wind.cpp\"","ds"
"00aaf93e","C:/Monolithsoft/BF2/prog/libs/wndlib/src/wndlib/wind/wnd_blender.cpp","\"C:/Monolithsoft/BF2/prog/libs/wndlib/src/wndlib/wind/wnd_blender.cpp\"","ds"
"00aaf99c","C:/Monolithsoft/BF2/prog/libs/wndlib/src/wndlib/wind/wnd_local_wind.cpp","\"C:/Monolithsoft/BF2/prog/libs/wndlib/src/wndlib/wind/wnd_local_wind.cpp\"","ds"
"00aafa03","C:/Monolithsoft/BF2/prog/libs/wndlib/src/wndlib/wnd_probe.cpp","\"C:/Monolithsoft/BF2/prog/libs/wndlib/src/wndlib/wnd_probe.cpp\"","ds"
"00aafa87","C:/Monolithsoft/BF2/prog/libs/wndlib/src/wndlib/wnd_world.cpp","\"C:/Monolithsoft/BF2/prog/libs/wndlib/src/wndlib/wnd_world.cpp\"","ds"
"00aafacd","C:/Monolithsoft/BF2/prog/libs/wndlib/src/wndlib/collision/wnd_sphere_box_agent.cpp","\"C:/Monolithsoft/BF2/prog/libs/wndlib/src/wndlib/collision/wnd_sphere_box_agent.cpp\"","ds"
"00aafb28","C:/Monolithsoft/BF2/prog/libs/wndlib/src/wndlib/collision/wnd_sphere_sphere_agent.cpp","\"C:/Monolithsoft/BF2/prog/libs/wndlib/src/wndlib/collision/wnd_sphere_sphere_agent.cpp\"","ds"
"00aafb8e","C:/Monolithsoft/BF2/prog/libs/wndlib/src/wndlib/object/wnd_object.cpp","\"C:/Monolithsoft/BF2/prog/libs/wndlib/src/wndlib/object/wnd_object.cpp\"","ds"
"00ab34c8","C:/MonolithSoft/BF2/prog/libs/mcl/mm_lib/source/mm_mtl/internal/heap.cpp","\"C:/MonolithSoft/BF2/prog/libs/mcl/mm_lib/source/mm_mtl/internal/heap.cpp\"","ds"
"00ab3dc5","C:/MonolithSoft/BF2/prog/libs/mcl/mm_lib/source/mm_mtl/internal/heap_allocator.cpp","\"C:/MonolithSoft/BF2/prog/libs/mcl/mm_lib/source/mm_mtl/internal/heap_allocator.cpp\"","ds"
"00ab3e18","C:/MonolithSoft/BF2/prog/libs/mcl/mm_lib/project/win/../../source\mm_mtl/fixstr.h","\"C:/MonolithSoft/BF2/prog/libs/mcl/mm_lib/project/win/../../source\\mm_mtl/fixstr.h\"","ds"
"00ab3e7b","C:/MonolithSoft/BF2/prog/libs/mcl/mm_lib/source/mm_thread/mm_thread.cpp","\"C:/MonolithSoft/BF2/prog/libs/mcl/mm_lib/source/mm_thread/mm_thread.cpp\"","ds"
"00ab3ecd","C:/MonolithSoft/BF2/prog/libs/mcl/mm_lib/project/win/../../source\mm_thread/mm_thread_refcount.h","\"C:/MonolithSoft/BF2/prog/libs/mcl/mm_lib/project/win/../../source\\mm_thread/mm_thread_refcount.h\"","ds"
"00ab3f2e","C:/MonolithSoft/BF2/prog/libs/mcl/mm_lib/source/mm_thread/mm_thread_nx.cpp","\"C:/MonolithSoft/BF2/prog/libs/mcl/mm_lib/source/mm_thread/mm_thread_nx.cpp\"","ds"
